proposed_id,gtin,name_en,name_ar,brand,market,serving_basis,package_size,calories,protein_g,carbs_g,fat_g,source_class,source_url,license,quality_flags,confidence
off:6281028002915,6281028002915,التنمية,,Tanmiah,SA,per_100g,٤٥٠جم,103,24,0,1,OPENFOODFACTS_VERIFIED,https://world.openfoodfacts.org/product/6281028002915,Open Food Facts — ODbL (attribution required),NO_ARABIC_NAME,MEDIUM
off:6281028003011,6281028003011,Fresh Chicken Breast Fillet,,Tanmiah,SA,per_100g,,103,24,0,1,OPENFOODFACTS_VERIFIED,https://world.openfoodfacts.org/product/6281028003011,Open Food Facts — ODbL (attribution required),NO_ARABIC_NAME,MEDIUM
off:6281028102400,6281028102400,Marinated Spicy Chicken,,Tanmiah,SA,per_100g,,134,20,5,4,OPENFOODFACTS_VERIFIED,https://world.openfoodfacts.org/product/6281028102400,Open Food Facts — ODbL (attribution required),NO_ARABIC_NAME,MEDIUM
off:6281028008214,6281028008214,Fresh Chicken Heart,,Tanmiah,SA,per_100g,,119,13,0,8,OPENFOODFACTS_VERIFIED,https://world.openfoodfacts.org/product/6281028008214,Open Food Facts — ODbL (attribution required),NO_ARABIC_NAME,MEDIUM
off:6281030031859,6281030031859,Breaded Chicken Fillet Spicy,,Tanmiah,SA,per_100g,,139,16,7,5.8,OPENFOODFACTS_VERIFIED,https://world.openfoodfacts.org/product/6281030031859,Open Food Facts — ODbL (attribution required),NO_ARABIC_NAME,MEDIUM
off:6281030031965,6281030031965,Breaded Chicken Strips Spicy,,Tanmiah,SA,per_100g,,151,16,11,5.5,OPENFOODFACTS_VERIFIED,https://world.openfoodfacts.org/product/6281030031965,Open Food Facts — ODbL (attribution required),NO_ARABIC_NAME,MEDIUM
off:6281040043620,6281040043620,صدور دجاج مدعم اوميجا٣,,Tanmiah,SA,per_100g,,103,21.8,0,1.8,OPENFOODFACTS_VERIFIED,https://world.openfoodfacts.org/product/6281040043620,Open Food Facts — ODbL (attribution required),,MEDIUM
off:6281040050468,6281040050468,Bbq Chicken Thighs,,Al Tanmiah,SA,per_100g,,118,17,2,4.5,OPENFOODFACTS_VERIFIED,https://world.openfoodfacts.org/product/6281040050468,Open Food Facts — ODbL (attribution required),NO_ARABIC_NAME,MEDIUM
off:6281028103612,6281028103612,Chicken Shawarma Raw,,Al Tanmiah,SA,per_100g,,142,17,8,5,OPENFOODFACTS_VERIFIED,https://world.openfoodfacts.org/product/6281028103612,Open Food Facts — ODbL (attribution required),NO_ARABIC_NAME,MEDIUM
off:6281030031842,6281030031842,Breaded Chicken Fillet,,Tanmiah,SA,per_100g,,156,15,8,7.9,OPENFOODFACTS_VERIFIED,https://world.openfoodfacts.org/product/6281030031842,Open Food Facts — ODbL (attribution required),NO_SERVING;NO_ARABIC_NAME,MEDIUM
off:6281040044016,6281040044016,Chicken Breast,,Tanmiah,SA,per_100g,,103,24,0,1,OPENFOODFACTS_VERIFIED,https://world.openfoodfacts.org/product/6281040044016,Open Food Facts — ODbL (attribution required),NO_ARABIC_NAME,MEDIUM
off:6281040049622,6281040049622,Marinated Chicken,,Tanmiah,SA,per_100g,,139,17,2,7,OPENFOODFACTS_VERIFIED,https://world.openfoodfacts.org/product/6281040049622,Open Food Facts — ODbL (attribution required),NO_SERVING;NO_ARABIC_NAME,MEDIUM
off:6281101220762,6281101220762,Berain Water,,,SA,per_100g,,0,0,0,0,OPENFOODFACTS_VERIFIED,https://world.openfoodfacts.org/product/6281101220762,Open Food Facts — ODbL (attribution required),NO_SERVING;NO_ARABIC_NAME,MEDIUM
off:6281101220779,6281101220779,Berain Water 1.5L,,بيرين,SA,per_100ml,1.5 لتر,0,0,0,0,OPENFOODFACTS_VERIFIED,https://world.openfoodfacts.org/product/6281101220779,Open Food Facts — ODbL (attribution required),,MEDIUM
