proposed_id,name_ar,name_en,category,preparation,usda_fdc_id,usda_desc,usda_data_type,match_score,serving_basis,calories,protein_g,carbs_g,fat_g,fiber_g,sugar_g,sodium_mg,prov_calories,prov_protein,prov_carbs,prov_fat,prov_fiber,prov_sugar,prov_sodium,source_class,source_url,license,confidence
usda-169229,باذنجان مسلوق,"Eggplant, Boiled",أطعمة عامة,boiled,169229,"Eggplant, cooked, boiled, drained, without salt",sr_legacy_food,1.13,per_100g,35,0.83,8.73,0.23,2.5,3.2,1,CALCULATED,UNKNOWN,CALCULATED,UNKNOWN,UNKNOWN,IMPUTED,ANALYTICAL,USDA_FDC,https://fdc.nal.usda.gov/food-details/169229/nutrients,USDA FDC — public domain,HIGH
usda-168520,قرنبيط مسلوق,"Cauliflower, Boiled",أطعمة عامة,boiled,168520,"Cauliflower, cooked, boiled, drained, with salt",sr_legacy_food,1.13,per_100g,23,1.84,4.11,0.45,2.3,1.86,242,CALCULATED,UNKNOWN,CALCULATED,UNKNOWN,UNKNOWN,UNKNOWN,UNKNOWN,USDA_FDC,https://fdc.nal.usda.gov/food-details/168520/nutrients,USDA FDC — public domain,HIGH
usda-326135,جبن سويسري,Swiss cheese,أطعمة عامة,,326135,"Cheese, swiss",foundation_food,1.04,per_100g,393,27,1.44,31,,,185,CALCULATED,CALCULATED,CALCULATED,ANALYTICAL,,,ANALYTICAL,USDA_FDC,https://fdc.nal.usda.gov/food-details/326135/nutrients,USDA FDC — public domain,HIGH
usda-168191,تمر مجدول,Medjool dates,أطعمة عامة,,168191,"Dates, medjool",sr_legacy_food,1,per_100g,277,1.81,74.97,0.15,6.7,66.47,1,CALCULATED,ANALYTICAL,CALCULATED,ANALYTICAL,ANALYTICAL,ANALYTICAL,ANALYTICAL,USDA_FDC,https://fdc.nal.usda.gov/food-details/168191/nutrients,USDA FDC — public domain,HIGH
usda-172336,زيت الكانولا,Canola oil,أطعمة عامة,,172336,"Oil, canola",sr_legacy_food,1,per_100g,884,0,0,100,0,0,0,CALCULATED,UNKNOWN,CALCULATED,UNKNOWN,UNKNOWN,UNKNOWN,UNKNOWN,USDA_FDC,https://fdc.nal.usda.gov/food-details/172336/nutrients,USDA FDC — public domain,HIGH
usda-168820,عسل أسود (مولاس),Molasses,أطعمة عامة,,168820,Molasses,sr_legacy_food,1,per_100g,290,0,74.73,0.1,0,74.72,37,CALCULATED,CALCULATED,CALCULATED,UNKNOWN,CALCULATED,UNKNOWN,UNKNOWN,USDA_FDC,https://fdc.nal.usda.gov/food-details/168820/nutrients,USDA FDC — public domain,HIGH
usda-790085,دقيق بر (كامل),Whole wheat flour,أطعمة عامة,,790085,"Flour, whole wheat, unenriched",foundation_food,0.99,per_100g,370,15.1,71.2,2.73,10.6,,3,CALCULATED,CALCULATED,CALCULATED,ANALYTICAL,ANALYTICAL,,ANALYTICAL,USDA_FDC,https://fdc.nal.usda.gov/food-details/790085/nutrients,USDA FDC — public domain,HIGH
usda-331960,صدر دجاج مطهو على البخار,"Chicken breast, Steamed",أطعمة عامة,steamed,331960,"Chicken, broiler or fryers, breast, skinless, boneless, meat only, cooked, braised",foundation_food,0.98,per_100g,166,32.1,0,3.24,,,47,CALCULATED,CALCULATED,CALCULATED,ANALYTICAL,,,ANALYTICAL,USDA_FDC,https://fdc.nal.usda.gov/food-details/331960/nutrients,USDA FDC — public domain,HIGH
usda-325036,جبن بارميزان,Parmesan cheese,أطعمة عامة,,325036,"Cheese, parmesan, grated",foundation_food,0.973,per_100g,421,29.6,12.4,28,,,1750,CALCULATED,CALCULATED,CALCULATED,ANALYTICAL,,,ANALYTICAL,USDA_FDC,https://fdc.nal.usda.gov/food-details/325036/nutrients,USDA FDC — public domain,HIGH
usda-332791,زيتون أخضر محشي,Stuffed green olives,أطعمة عامة,,332791,"Olives, green, Manzanilla, stuffed with pimiento",foundation_food,0.96,per_100g,130,1.15,4.96,12.9,4,,1620,CALCULATED,CALCULATED,CALCULATED,ANALYTICAL,ANALYTICAL,,ANALYTICAL,USDA_FDC,https://fdc.nal.usda.gov/food-details/332791/nutrients,USDA FDC — public domain,HIGH
usda-170906,زبادي خالي الدسم,Non-fat yogurt,أطعمة عامة,,170906,"Yogurt, vanilla, non-fat",sr_legacy_food,0.95,per_100g,78,2.94,17.04,0,0,5.88,47,CALCULATED,UNKNOWN,CALCULATED,UNKNOWN,UNKNOWN,UNKNOWN,UNKNOWN,USDA_FDC,https://fdc.nal.usda.gov/food-details/170906/nutrients,USDA FDC — public domain,HIGH
usda-171505,ديك رومي مفروم,Ground turkey,أطعمة عامة,—,171505,"Turkey, Ground, raw",sr_legacy_food,0.933,per_100g,148,19.66,0,7.66,0,0,58,CALCULATED,ANALYTICAL,UNKNOWN,ANALYTICAL,UNKNOWN,UNKNOWN,ANALYTICAL,USDA_FDC,https://fdc.nal.usda.gov/food-details/171505/nutrients,USDA FDC — public domain,HIGH
usda-169977,كرنب أحمر,Red cabbage,أطعمة عامة,,169977,"Cabbage, red, raw",sr_legacy_food,0.933,per_100g,31,1.43,7.37,0.16,2.1,3.83,27,CALCULATED,ANALYTICAL,CALCULATED,ANALYTICAL,ANALYTICAL,CALCULATED,ANALYTICAL,USDA_FDC,https://fdc.nal.usda.gov/food-details/169977/nutrients,USDA FDC — public domain,HIGH
usda-170383,ملفوف بروكسل,Brussels sprouts,أطعمة عامة,,170383,"Brussels sprouts, raw",sr_legacy_food,0.933,per_100g,43,3.38,8.95,0.3,3.8,2.2,25,CALCULATED,UNKNOWN,CALCULATED,UNKNOWN,UNKNOWN,UNKNOWN,UNKNOWN,USDA_FDC,https://fdc.nal.usda.gov/food-details/170383/nutrients,USDA FDC — public domain,HIGH
usda-170419,بازلاء,Green peas,أطعمة عامة,,170419,"Peas, green, raw",sr_legacy_food,0.933,per_100g,81,5.42,14.45,0.4,5.7,5.67,5,CALCULATED,UNKNOWN,CALCULATED,UNKNOWN,IMPUTED,CALCULATED,UNKNOWN,USDA_FDC,https://fdc.nal.usda.gov/food-details/170419/nutrients,USDA FDC — public domain,HIGH
usda-169991,سلق,Swiss chard,أطعمة عامة,,169991,"Chard, swiss, raw",sr_legacy_food,0.933,per_100g,19,1.8,3.74,0.2,1.6,1.1,213,CALCULATED,UNKNOWN,CALCULATED,UNKNOWN,UNKNOWN,UNKNOWN,UNKNOWN,USDA_FDC,https://fdc.nal.usda.gov/food-details/169991/nutrients,USDA FDC — public domain,HIGH
usda-169262,بامية مجمدة,Frozen okra,أطعمة عامة,,169262,"Okra, frozen, unprepared",sr_legacy_food,0.933,per_100g,30,1.69,6.63,0.25,2.2,2.97,3,CALCULATED,UNKNOWN,CALCULATED,UNKNOWN,UNKNOWN,IMPUTED,UNKNOWN,USDA_FDC,https://fdc.nal.usda.gov/food-details/169262/nutrients,USDA FDC — public domain,HIGH
usda-172676,خبز الشوفان,Oat bread,أطعمة عامة,,172676,"Bread, oat bran",sr_legacy_food,0.933,per_100g,236,10.4,39.8,4.4,4.5,7.7,353,CALCULATED,UNKNOWN,UNKNOWN,UNKNOWN,UNKNOWN,MANUFACTURER,CALCULATED,USDA_FDC,https://fdc.nal.usda.gov/food-details/172676/nutrients,USDA FDC — public domain,HIGH
usda-168872,نخالة الشوفان,Oat bran,أطعمة عامة,,168872,"Oat bran, raw",sr_legacy_food,0.933,per_100g,246,17.3,66.22,7.03,15.4,1.45,4,CALCULATED,UNKNOWN,CALCULATED,UNKNOWN,UNKNOWN,IMPUTED,UNKNOWN,USDA_FDC,https://fdc.nal.usda.gov/food-details/168872/nutrients,USDA FDC — public domain,HIGH
usda-168899,معكرونة خالية من الجلوتين,Gluten-free pasta,أطعمة عامة,,168899,"Pasta, gluten-free, corn, dry",sr_legacy_food,0.92,per_100g,357,7.46,79.26,2.08,11,,3,CALCULATED,UNKNOWN,CALCULATED,UNKNOWN,UNKNOWN,,UNKNOWN,USDA_FDC,https://fdc.nal.usda.gov/food-details/168899/nutrients,USDA FDC — public domain,HIGH
usda-326698,مسطردة,Mustard,أطعمة عامة,,326698,"Mustard, prepared, yellow",foundation_food,0.907,per_100g,61,4.25,5.3,3.38,4.3,,1100,CALCULATED,CALCULATED,CALCULATED,ANALYTICAL,ANALYTICAL,,ANALYTICAL,USDA_FDC,https://fdc.nal.usda.gov/food-details/326698/nutrients,USDA FDC — public domain,HIGH
usda-169975,ملفوف,Cabbage,أطعمة عامة,,169975,"Cabbage, raw",sr_legacy_food,0.9,per_100g,25,1.28,5.8,0.1,2.5,3.2,18,CALCULATED,ANALYTICAL,CALCULATED,UNKNOWN,UNKNOWN,CALCULATED,UNKNOWN,USDA_FDC,https://fdc.nal.usda.gov/food-details/169975/nutrients,USDA FDC — public domain,HIGH
usda-169988,كرفس,Celery,أطعمة عامة,,169988,"Celery, raw",sr_legacy_food,0.9,per_100g,14,0.69,2.97,0.17,1.6,1.34,80,CALCULATED,ANALYTICAL,CALCULATED,UNKNOWN,ANALYTICAL,UNKNOWN,UNKNOWN,USDA_FDC,https://fdc.nal.usda.gov/food-details/169988/nutrients,USDA FDC — public domain,HIGH
usda-170416,بقدونس,Parsley,أطعمة عامة,,170416,"Parsley, fresh",sr_legacy_food,0.9,per_100g,36,2.97,6.33,0.79,3.3,0.85,56,CALCULATED,UNKNOWN,CALCULATED,UNKNOWN,UNKNOWN,UNKNOWN,UNKNOWN,USDA_FDC,https://fdc.nal.usda.gov/food-details/170416/nutrients,USDA FDC — public domain,HIGH
usda-169387,جرجير,Arugula,أطعمة عامة,,169387,"Arugula, raw",sr_legacy_food,0.9,per_100g,25,2.58,3.65,0.66,1.6,2.05,27,CALCULATED,UNKNOWN,CALCULATED,UNKNOWN,UNKNOWN,UNKNOWN,UNKNOWN,USDA_FDC,https://fdc.nal.usda.gov/food-details/169387/nutrients,USDA FDC — public domain,HIGH
usda-168389,هليون,Asparagus,أطعمة عامة,,168389,"Asparagus, raw",sr_legacy_food,0.9,per_100g,20,2.2,3.88,0.12,2.1,1.88,2,CALCULATED,ANALYTICAL,CALCULATED,UNKNOWN,UNKNOWN,CALCULATED,UNKNOWN,USDA_FDC,https://fdc.nal.usda.gov/food-details/168389/nutrients,USDA FDC — public domain,HIGH
usda-168448,قرع عسلي,Pumpkin,أطعمة عامة,,168448,"Pumpkin, raw",sr_legacy_food,0.9,per_100g,26,1,6.5,0.1,0.5,2.76,1,CALCULATED,UNKNOWN,CALCULATED,UNKNOWN,UNKNOWN,IMPUTED,UNKNOWN,USDA_FDC,https://fdc.nal.usda.gov/food-details/168448/nutrients,USDA FDC — public domain,HIGH
usda-169986,قرنبيط,Cauliflower,أطعمة عامة,,169986,"Cauliflower, raw",sr_legacy_food,0.9,per_100g,25,1.92,4.97,0.28,2,1.91,30,CALCULATED,ANALYTICAL,CALCULATED,UNKNOWN,UNKNOWN,ANALYTICAL,UNKNOWN,USDA_FDC,https://fdc.nal.usda.gov/food-details/169986/nutrients,USDA FDC — public domain,HIGH
usda-169961,فاصوليا خضراء,Green beans,أطعمة عامة,,169961,"Beans, snap, green, raw",sr_legacy_food,0.9,per_100g,31,1.83,6.97,0.22,2.7,3.26,6,CALCULATED,UNKNOWN,CALCULATED,UNKNOWN,UNKNOWN,ANALYTICAL,UNKNOWN,USDA_FDC,https://fdc.nal.usda.gov/food-details/169961/nutrients,USDA FDC — public domain,HIGH
usda-169274,رجلة,Purslane,أطعمة عامة,,169274,"Purslane, raw",sr_legacy_food,0.9,per_100g,20,2.03,3.39,0.36,,,45,CALCULATED,UNKNOWN,CALCULATED,UNKNOWN,,,UNKNOWN,USDA_FDC,https://fdc.nal.usda.gov/food-details/169274/nutrients,USDA FDC — public domain,HIGH
usda-168933,سميد,Semolina,أطعمة عامة,,168933,"Semolina, unenriched",sr_legacy_food,0.9,per_100g,360,12.68,72.83,1.05,3.9,,1,CALCULATED,UNKNOWN,CALCULATED,UNKNOWN,UNKNOWN,,UNKNOWN,USDA_FDC,https://fdc.nal.usda.gov/food-details/168933/nutrients,USDA FDC — public domain,HIGH
usda-169731,نودلز بيض,Egg noodles,أطعمة عامة,,169731,"Noodles, egg, dry, enriched",sr_legacy_food,0.9,per_100g,384,14.16,71.27,4.44,3.3,1.88,21,CALCULATED,ANALYTICAL,CALCULATED,ANALYTICAL,ANALYTICAL,ANALYTICAL,ANALYTICAL,USDA_FDC,https://fdc.nal.usda.gov/food-details/169731/nutrients,USDA FDC — public domain,HIGH
usda-173744,فاصوليا حمراء,Red kidney beans,أطعمة عامة,,173744,"Beans, kidney, red, mature seeds, raw",sr_legacy_food,0.9,per_100g,337,22.53,61.29,1.06,15.2,2.1,12,CALCULATED,UNKNOWN,CALCULATED,UNKNOWN,UNKNOWN,IMPUTED,UNKNOWN,USDA_FDC,https://fdc.nal.usda.gov/food-details/173744/nutrients,USDA FDC — public domain,HIGH
usda-171025,زيت دوار الشمس,Sunflower oil,أطعمة عامة,,171025,"Oil, sunflower, linoleic, (approx. 65%)",sr_legacy_food,0.9,per_100g,884,0,0,100,0,0,0,CALCULATED,UNKNOWN,UNKNOWN,UNKNOWN,UNKNOWN,UNKNOWN,UNKNOWN,USDA_FDC,https://fdc.nal.usda.gov/food-details/171025/nutrients,USDA FDC — public domain,HIGH
usda-171016,زيت السمسم,Sesame oil,أطعمة عامة,,171016,"Oil, sesame, salad or cooking",sr_legacy_food,0.9,per_100g,884,0,0,100,0,0,0,CALCULATED,UNKNOWN,UNKNOWN,UNKNOWN,UNKNOWN,UNKNOWN,UNKNOWN,USDA_FDC,https://fdc.nal.usda.gov/food-details/171016/nutrients,USDA FDC — public domain,HIGH
usda-169898,زبادي بالفواكه,Fruit yogurt,أطعمة عامة,,169898,"Yogurt, fruit variety, nonfat",sr_legacy_food,0.9,per_100g,95,4.4,19,0.2,0,19,58,CALCULATED,UNKNOWN,UNKNOWN,UNKNOWN,UNKNOWN,UNKNOWN,UNKNOWN,USDA_FDC,https://fdc.nal.usda.gov/food-details/169898/nutrients,USDA FDC — public domain,HIGH
usda-173468,ملح,Salt,أطعمة عامة,,173468,"Salt, table",sr_legacy_food,0.9,per_100g,0,0,0,0,0,0,38758,CALCULATED,UNKNOWN,UNKNOWN,UNKNOWN,UNKNOWN,UNKNOWN,UNKNOWN,USDA_FDC,https://fdc.nal.usda.gov/food-details/173468/nutrients,USDA FDC — public domain,HIGH
usda-171077,صدر دجاج بدون جلد نيء,Chicken breast skinless raw,أطعمة عامة,—,171077,"Chicken, broiler or fryers, breast, skinless, boneless, meat only, raw",sr_legacy_food,0.889,per_100g,120,22.5,0,2.62,0,0,45,CALCULATED,ANALYTICAL,UNKNOWN,ANALYTICAL,UNKNOWN,UNKNOWN,ANALYTICAL,USDA_FDC,https://fdc.nal.usda.gov/food-details/171077/nutrients,USDA FDC — public domain,HIGH
usda-173734,فاصوليا سوداء,Black beans,أطعمة عامة,,173734,"Beans, black, mature seeds, raw",sr_legacy_food,0.88,per_100g,341,21.6,62.36,1.42,15.5,2.12,5,CALCULATED,UNKNOWN,CALCULATED,UNKNOWN,IMPUTED,IMPUTED,UNKNOWN,USDA_FDC,https://fdc.nal.usda.gov/food-details/173734/nutrients,USDA FDC — public domain,HIGH
usda-171278,لبن الماعز,Goat milk,أطعمة عامة,,171278,"Milk, goat, fluid, with added vitamin D",sr_legacy_food,0.88,per_100g,69,3.56,4.45,4.14,0,4.45,50,CALCULATED,UNKNOWN,CALCULATED,UNKNOWN,UNKNOWN,UNKNOWN,UNKNOWN,USDA_FDC,https://fdc.nal.usda.gov/food-details/171278/nutrients,USDA FDC — public domain,HIGH
usda-168915,معكرونة قمح كامل,Whole wheat pasta,أطعمة عامة,,168915,"Pasta, whole grain, 51% whole wheat, remaining unenriched semolina, dry",sr_legacy_food,0.875,per_100g,362,13.51,73.1,2.68,10.1,2.6,11,CALCULATED,ANALYTICAL,CALCULATED,ANALYTICAL,ANALYTICAL,ANALYTICAL,ANALYTICAL,USDA_FDC,https://fdc.nal.usda.gov/food-details/168915/nutrients,USDA FDC — public domain,HIGH
usda-169451,كبد بقري,Beef liver,أطعمة عامة,—,169451,"Beef, variety meats and by-products, liver, raw",sr_legacy_food,0.867,per_100g,135,20.36,3.89,3.63,0,0,69,CALCULATED,ANALYTICAL,CALCULATED,ANALYTICAL,UNKNOWN,UNKNOWN,ANALYTICAL,USDA_FDC,https://fdc.nal.usda.gov/food-details/169451/nutrients,USDA FDC — public domain,HIGH
usda-174442,كلاوي غنم,Lamb kidney,أطعمة عامة,—,174442,"Lamb, New Zealand, imported, kidney, raw",sr_legacy_food,0.867,per_100g,84,15.21,0.03,2.54,0,0,168,CALCULATED,ANALYTICAL,CALCULATED,ANALYTICAL,UNKNOWN,UNKNOWN,ANALYTICAL,USDA_FDC,https://fdc.nal.usda.gov/food-details/174442/nutrients,USDA FDC — public domain,HIGH
usda-170196,لسان بقري,Beef tongue,أطعمة عامة,—,170196,"Beef, variety meats and by-products, tongue, raw",sr_legacy_food,0.867,per_100g,224,14.9,3.68,16.09,0,,69,CALCULATED,UNKNOWN,CALCULATED,UNKNOWN,UNKNOWN,,UNKNOWN,USDA_FDC,https://fdc.nal.usda.gov/food-details/170196/nutrients,USDA FDC — public domain,HIGH
usda-172525,مخ غنم,Lamb brain,أطعمة عامة,—,172525,"Lamb, variety meats and by-products, brain, raw",sr_legacy_food,0.867,per_100g,122,10.4,0,8.58,0,,112,CALCULATED,UNKNOWN,UNKNOWN,UNKNOWN,UNKNOWN,,UNKNOWN,USDA_FDC,https://fdc.nal.usda.gov/food-details/172525/nutrients,USDA FDC — public domain,HIGH
usda-174196,سمك موسى,Sole fish,أطعمة عامة,,174196,"Fish, flatfish (flounder and sole species), raw",sr_legacy_food,0.867,per_100g,70,12.41,0,1.93,0,0,296,CALCULATED,ANALYTICAL,UNKNOWN,ANALYTICAL,UNKNOWN,ANALYTICAL,ANALYTICAL,USDA_FDC,https://fdc.nal.usda.gov/food-details/174196/nutrients,USDA FDC — public domain,HIGH
usda-172428,بازلاء مجففة,Split peas,أطعمة عامة,,172428,"Peas, green, split, mature seeds, raw",sr_legacy_food,0.867,per_100g,364,23.12,61.63,3.89,22.2,3.14,5,CALCULATED,ANALYTICAL,CALCULATED,ANALYTICAL,ANALYTICAL,ANALYTICAL,ANALYTICAL,USDA_FDC,https://fdc.nal.usda.gov/food-details/172428/nutrients,USDA FDC — public domain,HIGH
usda-168410,إيدامامي,Edamame,أطعمة عامة,,168410,"Edamame, frozen, unprepared",sr_legacy_food,0.867,per_100g,109,11.22,7.61,4.73,4.8,2.48,6,CALCULATED,ANALYTICAL,CALCULATED,ANALYTICAL,ANALYTICAL,ANALYTICAL,ANALYTICAL,USDA_FDC,https://fdc.nal.usda.gov/food-details/168410/nutrients,USDA FDC — public domain,HIGH
usda-170679,محلي ستيفيا,Stevia sweetener,أطعمة عامة,,170679,"Sweetener, herbal extract powder from Stevia leaf",sr_legacy_food,0.857,per_100g,0,0,100,0,0,0,0,CALCULATED,UNKNOWN,UNKNOWN,UNKNOWN,UNKNOWN,UNKNOWN,UNKNOWN,USDA_FDC,https://fdc.nal.usda.gov/food-details/170679/nutrients,USDA FDC — public domain,HIGH
usda-173034,جريب فروت,Grapefruit,أطعمة عامة,,173034,"Grapefruit, raw, white, Florida",sr_legacy_food,0.85,per_100g,32,0.63,8.19,0.1,,,0,CALCULATED,UNKNOWN,CALCULATED,UNKNOWN,,,UNKNOWN,USDA_FDC,https://fdc.nal.usda.gov/food-details/173034/nutrients,USDA FDC — public domain,HIGH
usda-171415,مارجرين,Margarine,أطعمة عامة,,171415,"Margarine,spread, 35-39% fat, tub",sr_legacy_food,0.85,per_100g,349,0.23,1.52,37.98,0,0,584,CALCULATED,ANALYTICAL,CALCULATED,UNKNOWN,UNKNOWN,CALCULATED,ANALYTICAL,USDA_FDC,https://fdc.nal.usda.gov/food-details/171415/nutrients,USDA FDC — public domain,HIGH
usda-173469,خل التفاح,Apple cider vinegar,أطعمة عامة,,173469,"Vinegar, cider",sr_legacy_food,0.85,per_100g,21,0,0.93,0,0,0.4,5,UNKNOWN,ANALYTICAL,UNKNOWN,ANALYTICAL,UNKNOWN,CALCULATED,UNKNOWN,USDA_FDC,https://fdc.nal.usda.gov/food-details/173469/nutrients,USDA FDC — public domain,HIGH
usda-172500,كتف غنم,Lamb shoulder,أطعمة عامة,—,172500,"Lamb, shoulder, arm, separable lean and fat, trimmed to 1/4"" fat, choice, raw",sr_legacy_food,0.844,per_100g,260,16.79,0,20.9,0,,60,CALCULATED,UNKNOWN,UNKNOWN,UNKNOWN,UNKNOWN,,UNKNOWN,USDA_FDC,https://fdc.nal.usda.gov/food-details/172500/nutrients,USDA FDC — public domain,MEDIUM
usda-172637,رقبة غنم,Lamb neck,أطعمة عامة,—,172637,"Lamb, New Zealand, imported, neck chops, separable lean and fat, raw",sr_legacy_food,0.84,per_100g,231,17.43,0.14,17.9,0,0,73,CALCULATED,UNKNOWN,IMPUTED,UNKNOWN,IMPUTED,IMPUTED,UNKNOWN,USDA_FDC,https://fdc.nal.usda.gov/food-details/172637/nutrients,USDA FDC — public domain,MEDIUM
usda-172488,ساق غنم,Lamb leg,أطعمة عامة,—,172488,"Lamb, leg, sirloin half, separable lean and fat, trimmed to 1/4"" fat, choice, raw",sr_legacy_food,0.84,per_100g,272,16.94,0,22.11,0,,56,CALCULATED,UNKNOWN,UNKNOWN,UNKNOWN,UNKNOWN,,UNKNOWN,USDA_FDC,https://fdc.nal.usda.gov/food-details/172488/nutrients,USDA FDC — public domain,MEDIUM
usda-169700,كسكس مطبوخ,Cooked couscous,أطعمة عامة,,169700,"Couscous, cooked",sr_legacy_food,0.8,per_100g,112,3.79,23.22,0.16,1.4,0.1,5,CALCULATED,UNKNOWN,CALCULATED,UNKNOWN,UNKNOWN,IMPUTED,UNKNOWN,USDA_FDC,https://fdc.nal.usda.gov/food-details/169700/nutrients,USDA FDC — public domain,MEDIUM
usda-326905,تين مجفف,Dried figs,أطعمة عامة,,326905,"Figs, dried, uncooked",foundation_food,0.773,per_100g,249,3.3,63.9,0.92,9.8,,10,CALCULATED,CALCULATED,CALCULATED,ANALYTICAL,CALCULATED,,ANALYTICAL,USDA_FDC,https://fdc.nal.usda.gov/food-details/326905/nutrients,USDA FDC — public domain,MEDIUM
usda-170285,شعير مطبوخ,Cooked barley,أطعمة عامة,,170285,"Barley, pearled, cooked",sr_legacy_food,0.733,per_100g,123,2.26,28.22,0.44,3.8,0.28,3,CALCULATED,UNKNOWN,CALCULATED,UNKNOWN,UNKNOWN,IMPUTED,UNKNOWN,USDA_FDC,https://fdc.nal.usda.gov/food-details/170285/nutrients,USDA FDC — public domain,MEDIUM
usda-170591,صنوبر,Pine nuts,أطعمة عامة,,170591,"Nuts, pine nuts, dried",sr_legacy_food,0.733,per_100g,673,13.69,13.08,68.37,3.7,3.59,2,CALCULATED,ANALYTICAL,CALCULATED,ANALYTICAL,ANALYTICAL,ANALYTICAL,ANALYTICAL,USDA_FDC,https://fdc.nal.usda.gov/food-details/170591/nutrients,USDA FDC — public domain,MEDIUM
