gtin,name_en,brand_en,brand_ar_proposed,arabic_search_alias,market,category,serving_size,tier,confidence,unknown_terms,source,source_url,method,notes
04810168035785,Антарктик-криль классический,Санта Бремор,,,GCC,ru:паста-с-антарктическим-крилем,150,LOW_QUALITY,NONE,,openfoodfacts,https://world.openfoodfacts.org/product/4810168035785,controlled-lexicon-composition v1 (no free machine translation),سجلّ ضعيف: اسم نائب/رقمي/اسم العلامة فقط أو بلا محتوى قابل للتركيب
05201054024812,10043119,FAGE,,,GCC,unknown,150,LOW_QUALITY,NONE,,openfoodfacts,https://world.openfoodfacts.org/product/5201054024812,controlled-lexicon-composition v1 (no free machine translation),سجلّ ضعيف: اسم نائب/رقمي/اسم العلامة فقط أو بلا محتوى قابل للتركيب
00012000002489,Pepsi,,بيبسي,بيبسي,GCC,Sweetened beverages,330,LOW_QUALITY,NONE,,openfoodfacts,https://world.openfoodfacts.org/product/0012000002489,controlled-lexicon-composition v1 (no free machine translation),سجلّ ضعيف: اسم نائب/رقمي/اسم العلامة فقط أو بلا محتوى قابل للتركيب
06084010242548,Daquz,,,,GCC,unknown,,LOW_QUALITY,NONE,daquz,openfoodfacts,https://world.openfoodfacts.org/product/6084010242548,controlled-lexicon-composition v1 (no free machine translation),سجلّ ضعيف: اسم نائب/رقمي/اسم العلامة فقط أو بلا محتوى قابل للتركيب
06270021922375,Tuna,,,تونة,GCC,unknown,,LOW_QUALITY,NONE,,openfoodfacts,https://world.openfoodfacts.org/product/6270021922375,controlled-lexicon-composition v1 (no free machine translation),سجلّ ضعيف: اسم نائب/رقمي/اسم العلامة فقط أو بلا محتوى قابل للتركيب
06291105821254,Topsy,Topsy,,,GCC,unknown,100,LOW_QUALITY,NONE,,openfoodfacts,https://world.openfoodfacts.org/product/6291105821254,controlled-lexicon-composition v1 (no free machine translation),سجلّ ضعيف: اسم نائب/رقمي/اسم العلامة فقط أو بلا محتوى قابل للتركيب
07610900296705,Onken,Onken,,,GCC,Low-fat yogurts,,LOW_QUALITY,NONE,,openfoodfacts,https://world.openfoodfacts.org/product/7610900296705,controlled-lexicon-composition v1 (no free machine translation),سجلّ ضعيف: اسم نائب/رقمي/اسم العلامة فقط أو بلا محتوى قابل للتركيب
06281024170168,MILK,lactel,,حليب,SA,Whole milk UHT,,LOW_QUALITY,NONE,,openfoodfacts,https://world.openfoodfacts.org/product/6281024170168,controlled-lexicon-composition v1 (no free machine translation),سجلّ ضعيف: اسم نائب/رقمي/اسم العلامة فقط أو بلا محتوى قابل للتركيب
06281036110206,Lay’s,Lay's,ليز,ليز,GCC,Salty snacks made from potato,,LOW_QUALITY,NONE,lay,openfoodfacts,https://world.openfoodfacts.org/product/6281036110206,controlled-lexicon-composition v1 (no free machine translation),سجلّ ضعيف: اسم نائب/رقمي/اسم العلامة فقط أو بلا محتوى قابل للتركيب
06281100720317,Mero,,,,SA,Chocolates,100,LOW_QUALITY,NONE,mero,openfoodfacts,https://world.openfoodfacts.org/product/6281100720317,controlled-lexicon-composition v1 (no free machine translation),سجلّ ضعيف: اسم نائب/رقمي/اسم العلامة فقط أو بلا محتوى قابل للتركيب
06291011053084,Chocodate,,تشوكوديت,تشوكوديت,GCC,unknown,,LOW_QUALITY,NONE,,openfoodfacts,https://world.openfoodfacts.org/product/6291011053084,controlled-lexicon-composition v1 (no free machine translation),سجلّ ضعيف: اسم نائب/رقمي/اسم العلامة فقط أو بلا محتوى قابل للتركيب
06291011053893,Chocodate,,تشوكوديت,تشوكوديت,GCC,unknown,,LOW_QUALITY,NONE,,openfoodfacts,https://world.openfoodfacts.org/product/6291011053893,controlled-lexicon-composition v1 (no free machine translation),سجلّ ضعيف: اسم نائب/رقمي/اسم العلامة فقط أو بلا محتوى قابل للتركيب
07622210289285,Milka (Oreo),Milka,أوريو,أوريو,GCC,Filled milk chocolates,33.3,LOW_QUALITY,NONE,,openfoodfacts,https://world.openfoodfacts.org/product/7622210289285,controlled-lexicon-composition v1 (no free machine translation),سجلّ ضعيف: اسم نائب/رقمي/اسم العلامة فقط أو بلا محتوى قابل للتركيب
07798049267210,Eggs,Al Bayyad,,بيض,GCC,unknown,,LOW_QUALITY,NONE,,openfoodfacts,https://world.openfoodfacts.org/product/7798049267210,controlled-lexicon-composition v1 (no free machine translation),سجلّ ضعيف: اسم نائب/رقمي/اسم العلامة فقط أو بلا محتوى قابل للتركيب
08412700120100,Cacaolat 0%,Cacaolat,,,GCC,Milkshakes,,LOW_QUALITY,NONE,,openfoodfacts,https://world.openfoodfacts.org/product/8412700120100,controlled-lexicon-composition v1 (no free machine translation),سجلّ ضعيف: اسم نائب/رقمي/اسم العلامة فقط أو بلا محتوى قابل للتركيب
00012000004070,Pepsi,Pepsi,بيبسي,بيبسي,SA,Pepsi,,LOW_QUALITY,NONE,,openfoodfacts,https://world.openfoodfacts.org/product/0012000004070,controlled-lexicon-composition v1 (no free machine translation),سجلّ ضعيف: اسم نائب/رقمي/اسم العلامة فقط أو بلا محتوى قابل للتركيب
06071210925234,柏餅,,,,GCC,unknown,50,LOW_QUALITY,NONE,,openfoodfacts,https://world.openfoodfacts.org/product/6071210925234,controlled-lexicon-composition v1 (no free machine translation),سجلّ ضعيف: اسم نائب/رقمي/اسم العلامة فقط أو بلا محتوى قابل للتركيب
06281073310102,Honey,Honey,,,SA,Honeys,100,LOW_QUALITY,NONE,,openfoodfacts,https://world.openfoodfacts.org/product/6281073310102,controlled-lexicon-composition v1 (no free machine translation),سجلّ ضعيف: اسم نائب/رقمي/اسم العلامة فقط أو بلا محتوى قابل للتركيب
06281099001169,Oats,,,شوفان,SA,unknown,,LOW_QUALITY,NONE,,openfoodfacts,https://world.openfoodfacts.org/product/6281099001169,controlled-lexicon-composition v1 (no free machine translation),سجلّ ضعيف: اسم نائب/رقمي/اسم العلامة فقط أو بلا محتوى قابل للتركيب
06285349000186,Datte,,,,SA,Dates,,LOW_QUALITY,NONE,datte,openfoodfacts,https://world.openfoodfacts.org/product/6285349000186,controlled-lexicon-composition v1 (no free machine translation),سجلّ ضعيف: اسم نائب/رقمي/اسم العلامة فقط أو بلا محتوى قابل للتركيب
06291101138820,Oil,Alokozay,,زيت,GCC,Sunflower oils,,LOW_QUALITY,NONE,,openfoodfacts,https://world.openfoodfacts.org/product/6291101138820,controlled-lexicon-composition v1 (no free machine translation),سجلّ ضعيف: اسم نائب/رقمي/اسم العلامة فقط أو بلا محتوى قابل للتركيب
06281073310287,Honey,Sary,,عسل,SA,unknown,,LOW_QUALITY,NONE,,openfoodfacts,https://world.openfoodfacts.org/product/6281073310287,controlled-lexicon-composition v1 (no free machine translation),سجلّ ضعيف: اسم نائب/رقمي/اسم العلامة فقط أو بلا محتوى قابل للتركيب
09504000343842,Milk,Mazzarty,,حليب,GCC,unknown,,LOW_QUALITY,NONE,,openfoodfacts,https://world.openfoodfacts.org/product/9504000343842,controlled-lexicon-composition v1 (no free machine translation),سجلّ ضعيف: اسم نائب/رقمي/اسم العلامة فقط أو بلا محتوى قابل للتركيب
04104220122033,Cocoa,Hintz,,كاكاو,SA,Cocoa powders,5,LOW_QUALITY,NONE,,openfoodfacts,https://world.openfoodfacts.org/product/4104220122033,controlled-lexicon-composition v1 (no free machine translation),سجلّ ضعيف: اسم نائب/رقمي/اسم العلامة فقط أو بلا محتوى قابل للتركيب
04630014500805,Пастила С Клюквой,Белёвская,,,GCC,unknown,100,LOW_QUALITY,NONE,,openfoodfacts,https://world.openfoodfacts.org/product/4630014500805,controlled-lexicon-composition v1 (no free machine translation),سجلّ ضعيف: اسم نائب/رقمي/اسم العلامة فقط أو بلا محتوى قابل للتركيب
06291011051967,Chocodate,,تشوكوديت,تشوكوديت,GCC,unknown,,LOW_QUALITY,NONE,,openfoodfacts,https://world.openfoodfacts.org/product/6291011051967,controlled-lexicon-composition v1 (no free machine translation),سجلّ ضعيف: اسم نائب/رقمي/اسم العلامة فقط أو بلا محتوى قابل للتركيب
08240142000168,alsafi,Al Safi,الصافي,الصافي,GCC,unknown,100,LOW_QUALITY,NONE,,openfoodfacts,https://world.openfoodfacts.org/product/8240142000168,controlled-lexicon-composition v1 (no free machine translation),سجلّ ضعيف: اسم نائب/رقمي/اسم العلامة فقط أو بلا محتوى قابل للتركيب
06130234003332,Sucre,,,,SA,unknown,,LOW_QUALITY,NONE,sucre,openfoodfacts,https://world.openfoodfacts.org/product/6130234003332,controlled-lexicon-composition v1 (no free machine translation),سجلّ ضعيف: اسم نائب/رقمي/اسم العلامة فقط أو بلا محتوى قابل للتركيب
06291011055705,Chocodate,Chocodate,تشوكوديت,تشوكوديت,GCC,unknown,,LOW_QUALITY,NONE,,openfoodfacts,https://world.openfoodfacts.org/product/6291011055705,controlled-lexicon-composition v1 (no free machine translation),سجلّ ضعيف: اسم نائب/رقمي/اسم العلامة فقط أو بلا محتوى قابل للتركيب
00012000067204,Cola,Pepsi,بيبسي,بيبسي كولا,GCC,unknown,100,LOW_QUALITY,NONE,,openfoodfacts,https://world.openfoodfacts.org/product/0012000067204,controlled-lexicon-composition v1 (no free machine translation),سجلّ ضعيف: اسم نائب/رقمي/اسم العلامة فقط أو بلا محتوى قابل للتركيب
05000237138069,Chips,Tyrells,,شيبس,GCC,Potato crisps in sunflower oil,30,LOW_QUALITY,NONE,,openfoodfacts,https://world.openfoodfacts.org/product/5000237138069,controlled-lexicon-composition v1 (no free machine translation),سجلّ ضعيف: اسم نائب/رقمي/اسم العلامة فقط أو بلا محتوى قابل للتركيب
06073278240816,Amlou,,,,GCC,unknown,,LOW_QUALITY,NONE,amlou,openfoodfacts,https://world.openfoodfacts.org/product/6073278240816,controlled-lexicon-composition v1 (no free machine translation),سجلّ ضعيف: اسم نائب/رقمي/اسم العلامة فقط أو بلا محتوى قابل للتركيب
06281014301947,Thon,Goody,قودي,قودي,SA,unknown,100,LOW_QUALITY,NONE,thon,openfoodfacts,https://world.openfoodfacts.org/product/6281014301947,controlled-lexicon-composition v1 (no free machine translation),سجلّ ضعيف: اسم نائب/رقمي/اسم العلامة فقط أو بلا محتوى قابل للتركيب
06290361981665,Egg,Costa Coffee,,بيض,GCC,unknown,,LOW_QUALITY,NONE,,openfoodfacts,https://world.openfoodfacts.org/product/6290361981665,controlled-lexicon-composition v1 (no free machine translation),سجلّ ضعيف: اسم نائب/رقمي/اسم العلامة فقط أو بلا محتوى قابل للتركيب
04017100373909,Clubs,Lorenz,,,SA,unknown,,LOW_QUALITY,NONE,clubs,openfoodfacts,https://world.openfoodfacts.org/product/4017100373909,controlled-lexicon-composition v1 (no free machine translation),سجلّ ضعيف: اسم نائب/رقمي/اسم العلامة فقط أو بلا محتوى قابل للتركيب
06290090017949,Kraft,Kraft,كرافت,كرافت,GCC,Cheeses,,LOW_QUALITY,NONE,,openfoodfacts,https://world.openfoodfacts.org/product/6290090017949,controlled-lexicon-composition v1 (no free machine translation),سجلّ ضعيف: اسم نائب/رقمي/اسم العلامة فقط أو بلا محتوى قابل للتركيب
06291011006189,Raja,Raja,,,GCC,unknown,22,LOW_QUALITY,NONE,,openfoodfacts,https://world.openfoodfacts.org/product/6291011006189,controlled-lexicon-composition v1 (no free machine translation),سجلّ ضعيف: اسم نائب/رقمي/اسم العلامة فقط أو بلا محتوى قابل للتركيب
06291047020456,CORNI,emirates macaroni,,,GCC,unknown,,LOW_QUALITY,NONE,corni,openfoodfacts,https://world.openfoodfacts.org/product/6291047020456,controlled-lexicon-composition v1 (no free machine translation),سجلّ ضعيف: اسم نائب/رقمي/اسم العلامة فقط أو بلا محتوى قابل للتركيب
06300900520573,pasta,,,معكرونة,GCC,unknown,,LOW_QUALITY,NONE,,openfoodfacts,https://world.openfoodfacts.org/product/6300900520573,controlled-lexicon-composition v1 (no free machine translation),سجلّ ضعيف: اسم نائب/رقمي/اسم العلامة فقط أو بلا محتوى قابل للتركيب
00855249006678,Mango,Vitargo,,مانجو,GCC,unknown,36,LOW_QUALITY,NONE,,openfoodfacts,https://world.openfoodfacts.org/product/0855249006678,controlled-lexicon-composition v1 (no free machine translation),سجلّ ضعيف: اسم نائب/رقمي/اسم العلامة فقط أو بلا محتوى قابل للتركيب
06281020101210,Luna,luna,لونا,لونا,SA,Groceries,100,LOW_QUALITY,NONE,,openfoodfacts,https://world.openfoodfacts.org/product/6281020101210,controlled-lexicon-composition v1 (no free machine translation),سجلّ ضعيف: اسم نائب/رقمي/اسم العلامة فقط أو بلا محتوى قابل للتركيب
07898132842116,Amazoo Açaí,Amazoo,,,SA,pt:juice-and-pulp,200,LOW_QUALITY,NONE,,openfoodfacts,https://world.openfoodfacts.org/product/7898132842116,controlled-lexicon-composition v1 (no free machine translation),سجلّ ضعيف: اسم نائب/رقمي/اسم العلامة فقط أو بلا محتوى قابل للتركيب
00012000002946,Pepsi,,بيبسي,بيبسي,SA,Colas,,LOW_QUALITY,NONE,,openfoodfacts,https://world.openfoodfacts.org/product/0012000002946,controlled-lexicon-composition v1 (no free machine translation),سجلّ ضعيف: اسم نائب/رقمي/اسم العلامة فقط أو بلا محتوى قابل للتركيب
04751019538744,CACAO,graci,,,GCC,Mueslis,,LOW_QUALITY,NONE,cacao,openfoodfacts,https://world.openfoodfacts.org/product/4751019538744,controlled-lexicon-composition v1 (no free machine translation),سجلّ ضعيف: اسم نائب/رقمي/اسم العلامة فقط أو بلا محتوى قابل للتركيب
06281007070324,Almarai,Almarai,المراعي,المراعي,SA,unknown,15,LOW_QUALITY,NONE,,openfoodfacts,https://world.openfoodfacts.org/product/6281007070324,controlled-lexicon-composition v1 (no free machine translation),سجلّ ضعيف: اسم نائب/رقمي/اسم العلامة فقط أو بلا محتوى قابل للتركيب
06281100358114,ULKER,Ülker,أولكر,أولكر,SA,unknown,17.5,LOW_QUALITY,NONE,,openfoodfacts,https://world.openfoodfacts.org/product/6281100358114,controlled-lexicon-composition v1 (no free machine translation),سجلّ ضعيف: اسم نائب/رقمي/اسم العلامة فقط أو بلا محتوى قابل للتركيب
06285602012864,Deemah,,ديمة,ديمة,SA,Chips,,LOW_QUALITY,NONE,,openfoodfacts,https://world.openfoodfacts.org/product/6285602012864,controlled-lexicon-composition v1 (no free machine translation),سجلّ ضعيف: اسم نائب/رقمي/اسم العلامة فقط أو بلا محتوى قابل للتركيب
06291106441710,Dates,,,تمر,GCC,unknown,,LOW_QUALITY,NONE,,openfoodfacts,https://world.openfoodfacts.org/product/6291106441710,controlled-lexicon-composition v1 (no free machine translation),سجلّ ضعيف: اسم نائب/رقمي/اسم العلامة فقط أو بلا محتوى قابل للتركيب
06294017101117,Tola,tola,,,SA,unknown,,LOW_QUALITY,NONE,,openfoodfacts,https://world.openfoodfacts.org/product/6294017101117,controlled-lexicon-composition v1 (no free machine translation),سجلّ ضعيف: اسم نائب/رقمي/اسم العلامة فقط أو بلا محتوى قابل للتركيب
00000080135876,Nutella 400g,Nutella,نوتيلا,نوتيلا,GCC,Cocoa and hazelnuts spreads,15,LOW_QUALITY,NONE,,openfoodfacts,https://world.openfoodfacts.org/product/80135876,controlled-lexicon-composition v1 (no free machine translation),سجلّ ضعيف: اسم نائب/رقمي/اسم العلامة فقط أو بلا محتوى قابل للتركيب
00012000057496,7up,,سفن أب,سفن أب,SA,unknown,,LOW_QUALITY,NONE,,openfoodfacts,https://world.openfoodfacts.org/product/0012000057496,controlled-lexicon-composition v1 (no free machine translation),سجلّ ضعيف: اسم نائب/رقمي/اسم العلامة فقط أو بلا محتوى قابل للتركيب
06275000520405,Keema,Mawashi,,,GCC,unknown,100,LOW_QUALITY,NONE,keema,openfoodfacts,https://world.openfoodfacts.org/product/6275000520405,controlled-lexicon-composition v1 (no free machine translation),سجلّ ضعيف: اسم نائب/رقمي/اسم العلامة فقط أو بلا محتوى قابل للتركيب
06281012012357,Sunquick,,صن كويك,صن كويك,SA,unknown,,LOW_QUALITY,NONE,,openfoodfacts,https://world.openfoodfacts.org/product/6281012012357,controlled-lexicon-composition v1 (no free machine translation),سجلّ ضعيف: اسم نائب/رقمي/اسم العلامة فقط أو بلا محتوى قابل للتركيب
06281036564207,Doritos,Doritos,دوريتوس,دوريتوس,SA,Corn chips,,LOW_QUALITY,NONE,,openfoodfacts,https://world.openfoodfacts.org/product/6281036564207,controlled-lexicon-composition v1 (no free machine translation),سجلّ ضعيف: اسم نائب/رقمي/اسم العلامة فقط أو بلا محتوى قابل للتركيب
06285572000632,Rita,,,,GCC,unknown,,LOW_QUALITY,NONE,rita,openfoodfacts,https://world.openfoodfacts.org/product/6285572000632,controlled-lexicon-composition v1 (no free machine translation),سجلّ ضعيف: اسم نائب/رقمي/اسم العلامة فقط أو بلا محتوى قابل للتركيب
06291011050564,Chocodate,,تشوكوديت,تشوكوديت,GCC,unknown,,LOW_QUALITY,NONE,,openfoodfacts,https://world.openfoodfacts.org/product/6291011050564,controlled-lexicon-composition v1 (no free machine translation),سجلّ ضعيف: اسم نائب/رقمي/اسم العلامة فقط أو بلا محتوى قابل للتركيب
06294001812265,絲滑牛奶巧克力,德扶,,,GCC,unknown,43,LOW_QUALITY,NONE,,openfoodfacts,https://world.openfoodfacts.org/product/6294001812265,controlled-lexicon-composition v1 (no free machine translation),سجلّ ضعيف: اسم نائب/رقمي/اسم العلامة فقط أو بلا محتوى قابل للتركيب
00012000059490,Lipton,Lipton,ليبتون,ليبتون,GCC,Iced teas,100,LOW_QUALITY,NONE,,openfoodfacts,https://world.openfoodfacts.org/product/0012000059490,controlled-lexicon-composition v1 (no free machine translation),سجلّ ضعيف: اسم نائب/رقمي/اسم العلامة فقط أو بلا محتوى قابل للتركيب
00628120620009,Végé-pâté,Bio-Bon,,,SA,fr:vege-pate,54,LOW_QUALITY,NONE,,openfoodfacts,https://world.openfoodfacts.org/product/0628120620009,controlled-lexicon-composition v1 (no free machine translation),سجلّ ضعيف: اسم نائب/رقمي/اسم العلامة فقط أو بلا محتوى قابل للتركيب
04607037431232,Зефир С Ванилью,Перекресток,,,GCC,unknown,100,LOW_QUALITY,NONE,,openfoodfacts,https://world.openfoodfacts.org/product/4607037431232,controlled-lexicon-composition v1 (no free machine translation),سجلّ ضعيف: اسم نائب/رقمي/اسم العلامة فقط أو بلا محتوى قابل للتركيب
04902931110635,Botan,Botan,,,SA,unknown,90,LOW_QUALITY,NONE,,openfoodfacts,https://world.openfoodfacts.org/product/4902931110635,controlled-lexicon-composition v1 (no free machine translation),سجلّ ضعيف: اسم نائب/رقمي/اسم العلامة فقط أو بلا محتوى قابل للتركيب
06271001735053,Bliss,Bliss,,,GCC,unknown,27,LOW_QUALITY,NONE,,openfoodfacts,https://world.openfoodfacts.org/product/6271001735053,controlled-lexicon-composition v1 (no free machine translation),سجلّ ضعيف: اسم نائب/رقمي/اسم العلامة فقط أو بلا محتوى قابل للتركيب
06281100326151,Lemon,,,ليمون,SA,unknown,,LOW_QUALITY,NONE,,openfoodfacts,https://world.openfoodfacts.org/product/6281100326151,controlled-lexicon-composition v1 (no free machine translation),سجلّ ضعيف: اسم نائب/رقمي/اسم العلامة فقط أو بلا محتوى قابل للتركيب
06281112007031,Honey,Rawdat Alnahil,,عسل,SA,unknown,100,LOW_QUALITY,NONE,,openfoodfacts,https://world.openfoodfacts.org/product/6281112007031,controlled-lexicon-composition v1 (no free machine translation),سجلّ ضعيف: اسم نائب/رقمي/اسم العلامة فقط أو بلا محتوى قابل للتركيب
06291007500363,nutro,,,,GCC,unknown,,LOW_QUALITY,NONE,nutro,openfoodfacts,https://world.openfoodfacts.org/product/6291007500363,controlled-lexicon-composition v1 (no free machine translation),سجلّ ضعيف: اسم نائب/رقمي/اسم العلامة فقط أو بلا محتوى قابل للتركيب
06297001647141,Honey,Emirates Beekeepers,,عسل,GCC,unknown,100,LOW_QUALITY,NONE,,openfoodfacts,https://world.openfoodfacts.org/product/6297001647141,controlled-lexicon-composition v1 (no free machine translation),سجلّ ضعيف: اسم نائب/رقمي/اسم العلامة فقط أو بلا محتوى قابل للتركيب
08906021922845,Honey,Shafi,,عسل,GCC,unknown,10,LOW_QUALITY,NONE,,openfoodfacts,https://world.openfoodfacts.org/product/8906021922845,controlled-lexicon-composition v1 (no free machine translation),سجلّ ضعيف: اسم نائب/رقمي/اسم العلامة فقط أو بلا محتوى قابل للتركيب
00000080176800,Nutella,nutella,نوتيلا,نوتيلا,SA,Cocoa and hazelnuts spreads,40,LOW_QUALITY,NONE,,openfoodfacts,https://world.openfoodfacts.org/product/80176800,controlled-lexicon-composition v1 (no free machine translation),سجلّ ضعيف: اسم نائب/رقمي/اسم العلامة فقط أو بلا محتوى قابل للتركيب
06281007056106,Honey,Al Marai,,عسل,SA,unknown,15,LOW_QUALITY,NONE,,openfoodfacts,https://world.openfoodfacts.org/product/6281007056106,controlled-lexicon-composition v1 (no free machine translation),سجلّ ضعيف: اسم نائب/رقمي/اسم العلامة فقط أو بلا محتوى قابل للتركيب
06291100212804,Lulu,,لولو,لولو,GCC,unknown,,LOW_QUALITY,NONE,,openfoodfacts,https://world.openfoodfacts.org/product/6291100212804,controlled-lexicon-composition v1 (no free machine translation),سجلّ ضعيف: اسم نائب/رقمي/اسم العلامة فقط أو بلا محتوى قابل للتركيب
04901112800532,oikos メロンミックス,oikos,,,GCC,unknown,113,LOW_QUALITY,NONE,,openfoodfacts,https://world.openfoodfacts.org/product/4901112800532,controlled-lexicon-composition v1 (no free machine translation),سجلّ ضعيف: اسم نائب/رقمي/اسم العلامة فقط أو بلا محتوى قابل للتركيب
06272150025194,Au bouchon,Au bouchon,,,GCC,Pasteurized cheeses,30,LOW_QUALITY,NONE,,openfoodfacts,https://world.openfoodfacts.org/product/6272150025194,controlled-lexicon-composition v1 (no free machine translation),سجلّ ضعيف: اسم نائب/رقمي/اسم العلامة فقط أو بلا محتوى قابل للتركيب
06294003011390,6294003011390,Noor Gazal,,,GCC,unknown,100,LOW_QUALITY,NONE,,openfoodfacts,https://world.openfoodfacts.org/product/6294003011390,controlled-lexicon-composition v1 (no free machine translation),سجلّ ضعيف: اسم نائب/رقمي/اسم العلامة فقط أو بلا محتوى قابل للتركيب
07622201747145,Ritz,,ريتز,ريتز,SA,Biscuits,19.8,LOW_QUALITY,NONE,,openfoodfacts,https://world.openfoodfacts.org/product/7622201747145,controlled-lexicon-composition v1 (no free machine translation),سجلّ ضعيف: اسم نائب/رقمي/اسم العلامة فقط أو بلا محتوى قابل للتركيب
09310264911914,Jubna,Beqa,,,SA,unknown,,LOW_QUALITY,NONE,jubna,openfoodfacts,https://world.openfoodfacts.org/product/9310264911914,controlled-lexicon-composition v1 (no free machine translation),سجلّ ضعيف: اسم نائب/رقمي/اسم العلامة فقط أو بلا محتوى قابل للتركيب
04003994110010,CORN FLAKES,Cornflakes,كورن فليكس,كورن فليكس,SA,Corn flakes,,LOW_QUALITY,NONE,,openfoodfacts,https://world.openfoodfacts.org/product/4003994110010,controlled-lexicon-composition v1 (no free machine translation),سجلّ ضعيف: اسم نائب/رقمي/اسم العلامة فقط أو بلا محتوى قابل للتركيب
06079849573574,Pesto,Barilla,باريلا,باريلا,GCC,unknown,50,LOW_QUALITY,NONE,pesto,openfoodfacts,https://world.openfoodfacts.org/product/6079849573574,controlled-lexicon-composition v1 (no free machine translation),سجلّ ضعيف: اسم نائب/رقمي/اسم العلامة فقط أو بلا محتوى قابل للتركيب
06281004259739,Wafer,Gandour,,ويفر,SA,unknown,,LOW_QUALITY,NONE,,openfoodfacts,https://world.openfoodfacts.org/product/6281004259739,controlled-lexicon-composition v1 (no free machine translation),سجلّ ضعيف: اسم نائب/رقمي/اسم العلامة فقط أو بلا محتوى قابل للتركيب
06283473101113,Allo,,,,SA,unknown,,LOW_QUALITY,NONE,allo,openfoodfacts,https://world.openfoodfacts.org/product/6283473101113,controlled-lexicon-composition v1 (no free machine translation),سجلّ ضعيف: اسم نائب/رقمي/اسم العلامة فقط أو بلا محتوى قابل للتركيب
06287016560153,Dates,Castle Farms,,تمر,SA,unknown,45,LOW_QUALITY,NONE,,openfoodfacts,https://world.openfoodfacts.org/product/6287016560153,controlled-lexicon-composition v1 (no free machine translation),سجلّ ضعيف: اسم نائب/رقمي/اسم العلامة فقط أو بلا محتوى قابل للتركيب
00000004903338,Bread,Sail Lebanon Bakery,,خبز,GCC,unknown,,LOW_QUALITY,NONE,,openfoodfacts,https://world.openfoodfacts.org/product/04903338,controlled-lexicon-composition v1 (no free machine translation),سجلّ ضعيف: اسم نائب/رقمي/اسم العلامة فقط أو بلا محتوى قابل للتركيب
00012000051692,Mountain Dew,Mountain Dew,,,GCC,unknown,100,LOW_QUALITY,NONE,,openfoodfacts,https://world.openfoodfacts.org/product/0012000051692,controlled-lexicon-composition v1 (no free machine translation),سجلّ ضعيف: اسم نائب/رقمي/اسم العلامة فقط أو بلا محتوى قابل للتركيب
04680031573108,Комбуча Классическая,Перекресток,,,GCC,unknown,100,LOW_QUALITY,NONE,,openfoodfacts,https://world.openfoodfacts.org/product/4680031573108,controlled-lexicon-composition v1 (no free machine translation),سجلّ ضعيف: اسم نائب/رقمي/اسم العلامة فقط أو بلا محتوى قابل للتركيب
06281073271434,Miel,Alshifa,,,SA,Honeys,100,LOW_QUALITY,NONE,miel,openfoodfacts,https://world.openfoodfacts.org/product/6281073271434,controlled-lexicon-composition v1 (no free machine translation),سجلّ ضعيف: اسم نائب/رقمي/اسم العلامة فقط أو بلا محتوى قابل للتركيب
06294003550196,kitkat,Nestlé,نستله,نستله,GCC,Chocolate biscuity bars,,LOW_QUALITY,NONE,,openfoodfacts,https://world.openfoodfacts.org/product/6294003550196,controlled-lexicon-composition v1 (no free machine translation),سجلّ ضعيف: اسم نائب/رقمي/اسم العلامة فقط أو بلا محتوى قابل للتركيب
06294003574345,Kit Kat,Kit Kat,,,GCC,unknown,,LOW_QUALITY,NONE,,openfoodfacts,https://world.openfoodfacts.org/product/6294003574345,controlled-lexicon-composition v1 (no free machine translation),سجلّ ضعيف: اسم نائب/رقمي/اسم العلامة فقط أو بلا محتوى قابل للتركيب
00012000045271,Mountain dew,Mountain Dew,,,GCC,unknown,,LOW_QUALITY,NONE,,openfoodfacts,https://world.openfoodfacts.org/product/0012000045271,controlled-lexicon-composition v1 (no free machine translation),سجلّ ضعيف: اسم نائب/رقمي/اسم العلامة فقط أو بلا محتوى قابل للتركيب
00012000051845,7up,,سفن أب,سفن أب,SA,Beverages,,LOW_QUALITY,NONE,,openfoodfacts,https://world.openfoodfacts.org/product/0012000051845,controlled-lexicon-composition v1 (no free machine translation),سجلّ ضعيف: اسم نائب/رقمي/اسم العلامة فقط أو بلا محتوى قابل للتركيب
06271011201036,Milk,kdcow,,حليب,GCC,Milks,,LOW_QUALITY,NONE,,openfoodfacts,https://world.openfoodfacts.org/product/6271011201036,controlled-lexicon-composition v1 (no free machine translation),سجلّ ضعيف: اسم نائب/رقمي/اسم العلامة فقط أو بلا محتوى قابل للتركيب
06291030004661,Mango,,,مانجو,GCC,unknown,,LOW_QUALITY,NONE,,openfoodfacts,https://world.openfoodfacts.org/product/6291030004661,controlled-lexicon-composition v1 (no free machine translation),سجلّ ضعيف: اسم نائب/رقمي/اسم العلامة فقط أو بلا محتوى قابل للتركيب
00012000804144,7up,,سفن أب,سفن أب,GCC,Lemon soft drinks,250,LOW_QUALITY,NONE,,openfoodfacts,https://world.openfoodfacts.org/product/0012000804144,controlled-lexicon-composition v1 (no free machine translation),سجلّ ضعيف: اسم نائب/رقمي/اسم العلامة فقط أو بلا محتوى قابل للتركيب
06281055000298,oats,Hanaa,,شوفان,SA,Oat,100,LOW_QUALITY,NONE,,openfoodfacts,https://world.openfoodfacts.org/product/6281055000298,controlled-lexicon-composition v1 (no free machine translation),سجلّ ضعيف: اسم نائب/رقمي/اسم العلامة فقط أو بلا محتوى قابل للتركيب
06287018460017,VAL,VAL,,,SA,unknown,100,LOW_QUALITY,NONE,,openfoodfacts,https://world.openfoodfacts.org/product/6287018460017,controlled-lexicon-composition v1 (no free machine translation),سجلّ ضعيف: اسم نائب/رقمي/اسم العلامة فقط أو بلا محتوى قابل للتركيب
06291100191536,Dates,The Date Master,,تمر,GCC,unknown,,LOW_QUALITY,NONE,,openfoodfacts,https://world.openfoodfacts.org/product/6291100191536,controlled-lexicon-composition v1 (no free machine translation),سجلّ ضعيف: اسم نائب/رقمي/اسم العلامة فقط أو بلا محتوى قابل للتركيب
08855301217860,afia,Afia,عافية,عافية,GCC,unknown,100,LOW_QUALITY,NONE,,openfoodfacts,https://world.openfoodfacts.org/product/8855301217860,controlled-lexicon-composition v1 (no free machine translation),سجلّ ضعيف: اسم نائب/رقمي/اسم العلامة فقط أو بلا محتوى قابل للتركيب
06287005616151,Datte,,,,SA,unknown,,LOW_QUALITY,NONE,datte,openfoodfacts,https://world.openfoodfacts.org/product/6287005616151,controlled-lexicon-composition v1 (no free machine translation),سجلّ ضعيف: اسم نائب/رقمي/اسم العلامة فقط أو بلا محتوى قابل للتركيب
06291100213429,Date Crown,,ديت كراون,ديت كراون,GCC,unknown,,LOW_QUALITY,NONE,,openfoodfacts,https://world.openfoodfacts.org/product/6291100213429,controlled-lexicon-composition v1 (no free machine translation),سجلّ ضعيف: اسم نائب/رقمي/اسم العلامة فقط أو بلا محتوى قابل للتركيب
07622202257674,milka,Milka,,,SA,Milk chocolates,27.8,LOW_QUALITY,NONE,,openfoodfacts,https://world.openfoodfacts.org/product/7622202257674,controlled-lexicon-composition v1 (no free machine translation),سجلّ ضعيف: اسم نائب/رقمي/اسم العلامة فقط أو بلا محتوى قابل للتركيب
08886467076428,Boost,Boost,,,GCC,unknown,20,LOW_QUALITY,NONE,,openfoodfacts,https://world.openfoodfacts.org/product/8886467076428,controlled-lexicon-composition v1 (no free machine translation),سجلّ ضعيف: اسم نائب/رقمي/اسم العلامة فقط أو بلا محتوى قابل للتركيب
04810168021542,ИКРА ИОСОСЕВАЯ ЗЕРНИСТАЯ,САНТА БРЕМОР,,,GCC,Salmon-caviars,,LOW_QUALITY,NONE,,openfoodfacts,https://world.openfoodfacts.org/product/4810168021542,controlled-lexicon-composition v1 (no free machine translation),سجلّ ضعيف: اسم نائب/رقمي/اسم العلامة فقط أو بلا محتوى قابل للتركيب
06279875253093,NA Raspberry Lime Kettle Sour,Better Brother Brewing,,توت أحمر ليمون أخضر حامض,GCC,unknown,473,LOW_QUALITY,NONE,na;kettle,openfoodfacts,https://world.openfoodfacts.org/product/6279875253093,controlled-lexicon-composition v1 (no free machine translation),سجلّ ضعيف: اسم نائب/رقمي/اسم العلامة فقط أو بلا محتوى قابل للتركيب
06291003054303,Hayat,6291003054303,,,GCC,Ghee,,LOW_QUALITY,NONE,hayat,openfoodfacts,https://world.openfoodfacts.org/product/6291003054303,controlled-lexicon-composition v1 (no free machine translation),سجلّ ضعيف: اسم نائب/رقمي/اسم العلامة فقط أو بلا محتوى قابل للتركيب
00745604874182,Milk Rich,Milk Rich,,,GCC,Milk-analogue,,LOW_QUALITY,NONE,,openfoodfacts,https://world.openfoodfacts.org/product/0745604874182,controlled-lexicon-composition v1 (no free machine translation),سجلّ ضعيف: اسم نائب/رقمي/اسم العلامة فقط أو بلا محتوى قابل للتركيب
06281036281203,Sunbites,Sunbites,,,SA,unknown,,LOW_QUALITY,NONE,,openfoodfacts,https://world.openfoodfacts.org/product/6281036281203,controlled-lexicon-composition v1 (no free machine translation),سجلّ ضعيف: اسم نائب/رقمي/اسم العلامة فقط أو بلا محتوى قابل للتركيب
06291100219001,Dates,,,تمر,GCC,Dates,,LOW_QUALITY,NONE,,openfoodfacts,https://world.openfoodfacts.org/product/6291100219001,controlled-lexicon-composition v1 (no free machine translation),سجلّ ضعيف: اسم نائب/رقمي/اسم العلامة فقط أو بلا محتوى قابل للتركيب
06291106447507,Dates,,,تمر,GCC,unknown,,LOW_QUALITY,NONE,,openfoodfacts,https://world.openfoodfacts.org/product/6291106447507,controlled-lexicon-composition v1 (no free machine translation),سجلّ ضعيف: اسم نائب/رقمي/اسم العلامة فقط أو بلا محتوى قابل للتركيب
06291108637937,Dates,Jomara,جمارة,جمارة تمر,GCC,unknown,100,LOW_QUALITY,NONE,,openfoodfacts,https://world.openfoodfacts.org/product/6291108637937,controlled-lexicon-composition v1 (no free machine translation),سجلّ ضعيف: اسم نائب/رقمي/اسم العلامة فقط أو بلا محتوى قابل للتركيب
06294001823490,Minis,Galaxy,جالاكسي,جالاكسي,GCC,fr:Barre chocolatée biscuitée type KitKat,39,LOW_QUALITY,NONE,minis,openfoodfacts,https://world.openfoodfacts.org/product/6294001823490,controlled-lexicon-composition v1 (no free machine translation),سجلّ ضعيف: اسم نائب/رقمي/اسم العلامة فقط أو بلا محتوى قابل للتركيب
00000030002432,Млечна сметана за готварски цели 35% масленост,Elle & Vire,ال آند فير,ال آند فير,GCC,fr:cremes-cuisson,30,LOW_QUALITY,NONE,,openfoodfacts,https://world.openfoodfacts.org/product/30002432,controlled-lexicon-composition v1 (no free machine translation),سجلّ ضعيف: اسم نائب/رقمي/اسم العلامة فقط أو بلا محتوى قابل للتركيب
06221134014495,Bounty,Bounty,باونتي,باونتي,SA,unknown,100,LOW_QUALITY,NONE,,openfoodfacts,https://world.openfoodfacts.org/product/6221134014495,controlled-lexicon-composition v1 (no free machine translation),سجلّ ضعيف: اسم نائب/رقمي/اسم العلامة فقط أو بلا محتوى قابل للتركيب
06291007910209,Treat,Britannia,بريتانيا,بريتانيا,GCC,unknown,,LOW_QUALITY,NONE,treat,openfoodfacts,https://world.openfoodfacts.org/product/6291007910209,controlled-lexicon-composition v1 (no free machine translation),سجلّ ضعيف: اسم نائب/رقمي/اسم العلامة فقط أو بلا محتوى قابل للتركيب
06291011055644,Chocodate,,تشوكوديت,تشوكوديت,GCC,unknown,,LOW_QUALITY,NONE,,openfoodfacts,https://world.openfoodfacts.org/product/6291011055644,controlled-lexicon-composition v1 (no free machine translation),سجلّ ضعيف: اسم نائب/رقمي/اسم العلامة فقط أو بلا محتوى قابل للتركيب
06308333740445,Chaparritas,Chaparritas,,,GCC,unknown,255,LOW_QUALITY,NONE,,openfoodfacts,https://world.openfoodfacts.org/product/6308333740445,controlled-lexicon-composition v1 (no free machine translation),سجلّ ضعيف: اسم نائب/رقمي/اسم العلامة فقط أو بلا محتوى قابل للتركيب
07613287757982,Lion,nestle,نستله,نستله,GCC,unknown,,LOW_QUALITY,NONE,lion,openfoodfacts,https://world.openfoodfacts.org/product/7613287757982,controlled-lexicon-composition v1 (no free machine translation),سجلّ ضعيف: اسم نائب/رقمي/اسم العلامة فقط أو بلا محتوى قابل للتركيب
08852756396164,Corn Flakes,Kellogg's,كورن فليكس,كورن فليكس,SA,unknown,30,LOW_QUALITY,NONE,,openfoodfacts,https://world.openfoodfacts.org/product/8852756396164,controlled-lexicon-composition v1 (no free machine translation),سجلّ ضعيف: اسم نائب/رقمي/اسم العلامة فقط أو بلا محتوى قابل للتركيب
00012000057212,Pepsi,Pepsi,بيبسي,بيبسي,SA,unknown,,LOW_QUALITY,NONE,,openfoodfacts,https://world.openfoodfacts.org/product/0012000057212,controlled-lexicon-composition v1 (no free machine translation),سجلّ ضعيف: اسم نائب/رقمي/اسم العلامة فقط أو بلا محتوى قابل للتركيب
03088545004018,Miel,Family Michaud,,,GCC,Liquid honeys,100,LOW_QUALITY,NONE,miel,openfoodfacts,https://world.openfoodfacts.org/product/3088545004018,controlled-lexicon-composition v1 (no free machine translation),سجلّ ضعيف: اسم نائب/رقمي/اسم العلامة فقط أو بلا محتوى قابل للتركيب
05010525431871,5010525431871,Morrisons The Bet,,,SA,unknown,400,LOW_QUALITY,NONE,,openfoodfacts,https://world.openfoodfacts.org/product/5010525431871,controlled-lexicon-composition v1 (no free machine translation),سجلّ ضعيف: اسم نائب/رقمي/اسم العلامة فقط أو بلا محتوى قابل للتركيب
06281058102081,Code red,Code Red,,,GCC,Energy drinks,,LOW_QUALITY,NONE,,openfoodfacts,https://world.openfoodfacts.org/product/6281058102081,controlled-lexicon-composition v1 (no free machine translation),سجلّ ضعيف: اسم نائب/رقمي/اسم العلامة فقط أو بلا محتوى قابل للتركيب
06291058103889,Meet,,,,GCC,unknown,,LOW_QUALITY,NONE,meet,openfoodfacts,https://world.openfoodfacts.org/product/6291058103889,controlled-lexicon-composition v1 (no free machine translation),سجلّ ضعيف: اسم نائب/رقمي/اسم العلامة فقط أو بلا محتوى قابل للتركيب
00012000052590,Mountain dew,Mountain Dew,,,GCC,Sodas,100,LOW_QUALITY,NONE,,openfoodfacts,https://world.openfoodfacts.org/product/0012000052590,controlled-lexicon-composition v1 (no free machine translation),سجلّ ضعيف: اسم نائب/رقمي/اسم العلامة فقط أو بلا محتوى قابل للتركيب
06281033415823,Kokiz,Aremicana,,,SA,unknown,40,LOW_QUALITY,NONE,kokiz,openfoodfacts,https://world.openfoodfacts.org/product/6281033415823,controlled-lexicon-composition v1 (no free machine translation),سجلّ ضعيف: اسم نائب/رقمي/اسم العلامة فقط أو بلا محتوى قابل للتركيب
06287000659429,Tuna,Freshco,,تونة,SA,Tunas,100,LOW_QUALITY,NONE,,openfoodfacts,https://world.openfoodfacts.org/product/6287000659429,controlled-lexicon-composition v1 (no free machine translation),سجلّ ضعيف: اسم نائب/رقمي/اسم العلامة فقط أو بلا محتوى قابل للتركيب
06297000670164,balade,Baladé Farms,بلدي,بلدي,SA,unknown,100,LOW_QUALITY,NONE,,openfoodfacts,https://world.openfoodfacts.org/product/6297000670164,controlled-lexicon-composition v1 (no free machine translation),سجلّ ضعيف: اسم نائب/رقمي/اسم العلامة فقط أو بلا محتوى قابل للتركيب
08718444725206,Edam,President,بريزيدون,بريزيدون إيدام,GCC,Edam,,LOW_QUALITY,NONE,,openfoodfacts,https://world.openfoodfacts.org/product/8718444725206,controlled-lexicon-composition v1 (no free machine translation),سجلّ ضعيف: اسم نائب/رقمي/اسم العلامة فقط أو بلا محتوى قابل للتركيب
00024000104582,Mais,Del Monte,,,GCC,unknown,100,LOW_QUALITY,NONE,mais,openfoodfacts,https://world.openfoodfacts.org/product/0024000104582,controlled-lexicon-composition v1 (no free machine translation),سجلّ ضعيف: اسم نائب/رقمي/اسم العلامة فقط أو بلا محتوى قابل للتركيب
05053827185806,Corn Flakes,Kellogg's,كورن فليكس,كورن فليكس,GCC,Corn flakes,,LOW_QUALITY,NONE,,openfoodfacts,https://world.openfoodfacts.org/product/5053827185806,controlled-lexicon-composition v1 (no free machine translation),سجلّ ضعيف: اسم نائب/رقمي/اسم العلامة فقط أو بلا محتوى قابل للتركيب
06287001130613,Dates,,,تمر,SA,unknown,,LOW_QUALITY,NONE,,openfoodfacts,https://world.openfoodfacts.org/product/6287001130613,controlled-lexicon-composition v1 (no free machine translation),سجلّ ضعيف: اسم نائب/رقمي/اسم العلامة فقط أو بلا محتوى قابل للتركيب
06291003633010,Break,Quanta,,,GCC,unknown,100,LOW_QUALITY,NONE,break,openfoodfacts,https://world.openfoodfacts.org/product/6291003633010,controlled-lexicon-composition v1 (no free machine translation),سجلّ ضعيف: اسم نائب/رقمي/اسم العلامة فقط أو بلا محتوى قابل للتركيب
06291011054500,Chocodate,,تشوكوديت,تشوكوديت,GCC,unknown,,LOW_QUALITY,NONE,,openfoodfacts,https://world.openfoodfacts.org/product/6291011054500,controlled-lexicon-composition v1 (no free machine translation),سجلّ ضعيف: اسم نائب/رقمي/اسم العلامة فقط أو بلا محتوى قابل للتركيب
06306372243590,Byrrh,,,,GCC,unknown,,LOW_QUALITY,NONE,byrrh,openfoodfacts,https://world.openfoodfacts.org/product/6306372243590,controlled-lexicon-composition v1 (no free machine translation),سجلّ ضعيف: اسم نائب/رقمي/اسم العلامة فقط أو بلا محتوى قابل للتركيب
00000040111216,Bounty 2x,Mars,مارس,مارس,SA,Candy chocolate bars,29,LOW_QUALITY,NONE,,openfoodfacts,https://world.openfoodfacts.org/product/40111216,controlled-lexicon-composition v1 (no free machine translation),سجلّ ضعيف: اسم نائب/رقمي/اسم العلامة فقط أو بلا محتوى قابل للتركيب
00012000800085,Pepsi,Cola,بيبسي,بيبسي,GCC,Sweetened beverages,,LOW_QUALITY,NONE,,openfoodfacts,https://world.openfoodfacts.org/product/0012000800085,controlled-lexicon-composition v1 (no free machine translation),سجلّ ضعيف: اسم نائب/رقمي/اسم العلامة فقط أو بلا محتوى قابل للتركيب
06271120169906,Corny,Corny,,,GCC,unknown,25,LOW_QUALITY,NONE,,openfoodfacts,https://world.openfoodfacts.org/product/6271120169906,controlled-lexicon-composition v1 (no free machine translation),سجلّ ضعيف: اسم نائب/رقمي/اسم العلامة فقط أو بلا محتوى قابل للتركيب
06281034007140,Barbican,,باربيكان,باربيكان,SA,unknown,,LOW_QUALITY,NONE,,openfoodfacts,https://world.openfoodfacts.org/product/6281034007140,controlled-lexicon-composition v1 (no free machine translation),سجلّ ضعيف: اسم نائب/رقمي/اسم العلامة فقط أو بلا محتوى قابل للتركيب
06281034903930,Rani,,راني,راني,SA,unknown,,LOW_QUALITY,NONE,,openfoodfacts,https://world.openfoodfacts.org/product/6281034903930,controlled-lexicon-composition v1 (no free machine translation),سجلّ ضعيف: اسم نائب/رقمي/اسم العلامة فقط أو بلا محتوى قابل للتركيب
06281101734634,Dates,,,تمر,SA,Dates,,LOW_QUALITY,NONE,,openfoodfacts,https://world.openfoodfacts.org/product/6281101734634,controlled-lexicon-composition v1 (no free machine translation),سجلّ ضعيف: اسم نائب/رقمي/اسم العلامة فقط أو بلا محتوى قابل للتركيب
08000500193389,Nutella,Ferrero,فيريرو,فيريرو,GCC,Cocoa and hazelnuts spreads,,LOW_QUALITY,NONE,,openfoodfacts,https://world.openfoodfacts.org/product/8000500193389,controlled-lexicon-composition v1 (no free machine translation),سجلّ ضعيف: اسم نائب/رقمي/اسم العلامة فقط أو بلا محتوى قابل للتركيب
08690632761077,Nestle,Nestlé,نستله,نستله,SA,unknown,31,LOW_QUALITY,NONE,,openfoodfacts,https://world.openfoodfacts.org/product/8690632761077,controlled-lexicon-composition v1 (no free machine translation),سجلّ ضعيف: اسم نائب/رقمي/اسم العلامة فقط أو بلا محتوى قابل للتركيب
08850124037350,Nescafe 3 in 1,Nescafe,نسكافيه,نسكافيه,SA,Instant coffees,,LOW_QUALITY,NONE,,openfoodfacts,https://world.openfoodfacts.org/product/8850124037350,controlled-lexicon-composition v1 (no free machine translation),سجلّ ضعيف: اسم نائب/رقمي/اسم العلامة فقط أو بلا محتوى قابل للتركيب
06271100052266,Bloom,Rawdatain,,,GCC,unknown,250,LOW_QUALITY,NONE,bloom,openfoodfacts,https://world.openfoodfacts.org/product/6271100052266,controlled-lexicon-composition v1 (no free machine translation),سجلّ ضعيف: اسم نائب/رقمي/اسم العلامة فقط أو بلا محتوى قابل للتركيب
06281007046725,Nestle,Almarai,المراعي,المراعي,SA,unknown,39,LOW_QUALITY,NONE,,openfoodfacts,https://world.openfoodfacts.org/product/6281007046725,controlled-lexicon-composition v1 (no free machine translation),سجلّ ضعيف: اسم نائب/رقمي/اسم العلامة فقط أو بلا محتوى قابل للتركيب
06291100213122,Date crown,KHENAIZI,ديت كراون,ديت كراون,GCC,unknown,,LOW_QUALITY,NONE,,openfoodfacts,https://world.openfoodfacts.org/product/6291100213122,controlled-lexicon-composition v1 (no free machine translation),سجلّ ضعيف: اسم نائب/رقمي/اسم العلامة فقط أو بلا محتوى قابل للتركيب
06297000265018,Pypr,,,,GCC,unknown,,LOW_QUALITY,NONE,pypr,openfoodfacts,https://world.openfoodfacts.org/product/6297000265018,controlled-lexicon-composition v1 (no free machine translation),سجلّ ضعيف: اسم نائب/رقمي/اسم العلامة فقط أو بلا محتوى قابل للتركيب
07622202296963,flare,,,,SA,unknown,28,LOW_QUALITY,NONE,flare,openfoodfacts,https://world.openfoodfacts.org/product/7622202296963,controlled-lexicon-composition v1 (no free machine translation),سجلّ ضعيف: اسم نائب/رقمي/اسم العلامة فقط أو بلا محتوى قابل للتركيب
06281100500179,Forsana,Forsana,,,SA,unknown,100,LOW_QUALITY,NONE,,openfoodfacts,https://world.openfoodfacts.org/product/6281100500179,controlled-lexicon-composition v1 (no free machine translation),سجلّ ضعيف: اسم نائب/رقمي/اسم العلامة فقط أو بلا محتوى قابل للتركيب
06285563532616,Teeno,,,,SA,unknown,,LOW_QUALITY,NONE,teeno,openfoodfacts,https://world.openfoodfacts.org/product/6285563532616,controlled-lexicon-composition v1 (no free machine translation),سجلّ ضعيف: اسم نائب/رقمي/اسم العلامة فقط أو بلا محتوى قابل للتركيب
06287005612634,Datte,,,,SA,Dates,,LOW_QUALITY,NONE,datte,openfoodfacts,https://world.openfoodfacts.org/product/6287005612634,controlled-lexicon-composition v1 (no free machine translation),سجلّ ضعيف: اسم نائب/رقمي/اسم العلامة فقط أو بلا محتوى قابل للتركيب
06290050414450,Corn flakes,,كورن فليكس,كورن فليكس,GCC,Corn flakes,,LOW_QUALITY,NONE,,openfoodfacts,https://world.openfoodfacts.org/product/6290050414450,controlled-lexicon-composition v1 (no free machine translation),سجلّ ضعيف: اسم نائب/رقمي/اسم العلامة فقط أو بلا محتوى قابل للتركيب
06291011057846,Chocodate,Arabian delights,تشوكوديت,تشوكوديت,GCC,unknown,11,LOW_QUALITY,NONE,,openfoodfacts,https://world.openfoodfacts.org/product/6291011057846,controlled-lexicon-composition v1 (no free machine translation),سجلّ ضعيف: اسم نائب/رقمي/اسم العلامة فقط أو بلا محتوى قابل للتركيب
06291108233764,KHALAS,Khalas,,,GCC,Confectioneries,50,LOW_QUALITY,NONE,,openfoodfacts,https://world.openfoodfacts.org/product/6291108233764,controlled-lexicon-composition v1 (no free machine translation),سجلّ ضعيف: اسم نائب/رقمي/اسم العلامة فقط أو بلا محتوى قابل للتركيب
05449000014535,Sprite 330 ml,Sprite,سبرايت,سبرايت,GCC,Sweetened beverages,330,LOW_QUALITY,NONE,,openfoodfacts,https://world.openfoodfacts.org/product/5449000014535,controlled-lexicon-composition v1 (no free machine translation),سجلّ ضعيف: اسم نائب/رقمي/اسم العلامة فقط أو بلا محتوى قابل للتركيب
05449000285867,Sprite,,سبرايت,سبرايت,SA,Beverages,,LOW_QUALITY,NONE,,openfoodfacts,https://world.openfoodfacts.org/product/5449000285867,controlled-lexicon-composition v1 (no free machine translation),سجلّ ضعيف: اسم نائب/رقمي/اسم العلامة فقط أو بلا محتوى قابل للتركيب
06291011050038,Chocodate,,تشوكوديت,تشوكوديت,GCC,unknown,,LOW_QUALITY,NONE,,openfoodfacts,https://world.openfoodfacts.org/product/6291011050038,controlled-lexicon-composition v1 (no free machine translation),سجلّ ضعيف: اسم نائب/رقمي/اسم العلامة فقط أو بلا محتوى قابل للتركيب
07891118010769,flics,arcor,,,SA,pt:xarope-de-glicose,17,LOW_QUALITY,NONE,flics,openfoodfacts,https://world.openfoodfacts.org/product/7891118010769,controlled-lexicon-composition v1 (no free machine translation),سجلّ ضعيف: اسم نائب/رقمي/اسم العلامة فقط أو بلا محتوى قابل للتركيب
09504000171490,Ayran,Raw'a,,عيران,GCC,Ayran,,LOW_QUALITY,NONE,,openfoodfacts,https://world.openfoodfacts.org/product/9504000171490,controlled-lexicon-composition v1 (no free machine translation),سجلّ ضعيف: اسم نائب/رقمي/اسم العلامة فقط أو بلا محتوى قابل للتركيب
06281014302739,Goody,,قودي,قودي,SA,unknown,,LOW_QUALITY,NONE,,openfoodfacts,https://world.openfoodfacts.org/product/6281014302739,controlled-lexicon-composition v1 (no free machine translation),سجلّ ضعيف: اسم نائب/رقمي/اسم العلامة فقط أو بلا محتوى قابل للتركيب
06291011055873,Chocodate,,تشوكوديت,تشوكوديت,GCC,unknown,,LOW_QUALITY,NONE,,openfoodfacts,https://world.openfoodfacts.org/product/6291011055873,controlled-lexicon-composition v1 (no free machine translation),سجلّ ضعيف: اسم نائب/رقمي/اسم العلامة فقط أو بلا محتوى قابل للتركيب
06291011057952,Финики,Chocodate,تشوكوديت,تشوكوديت,GCC,Chocolates,90,LOW_QUALITY,NONE,,openfoodfacts,https://world.openfoodfacts.org/product/6291011057952,controlled-lexicon-composition v1 (no free machine translation),سجلّ ضعيف: اسم نائب/رقمي/اسم العلامة فقط أو بلا محتوى قابل للتركيب
00748485701387,555 tuna,555 Tuna,,,SA,unknown,56,LOW_QUALITY,NONE,,openfoodfacts,https://world.openfoodfacts.org/product/0748485701387,controlled-lexicon-composition v1 (no free machine translation),سجلّ ضعيف: اسم نائب/رقمي/اسم العلامة فقط أو بلا محتوى قابل للتركيب
05449000043429,Sprite,,سبرايت,سبرايت,SA,unknown,,LOW_QUALITY,NONE,,openfoodfacts,https://world.openfoodfacts.org/product/5449000043429,controlled-lexicon-composition v1 (no free machine translation),سجلّ ضعيف: اسم نائب/رقمي/اسم العلامة فقط أو بلا محتوى قابل للتركيب
06078800644254,kraft,,كرافت,كرافت,GCC,unknown,,LOW_QUALITY,NONE,,openfoodfacts,https://world.openfoodfacts.org/product/6078800644254,controlled-lexicon-composition v1 (no free machine translation),سجلّ ضعيف: اسم نائب/رقمي/اسم العلامة فقط أو بلا محتوى قابل للتركيب
06281103270079,Tania,,,,SA,unknown,,LOW_QUALITY,NONE,tania,openfoodfacts,https://world.openfoodfacts.org/product/6281103270079,controlled-lexicon-composition v1 (no free machine translation),سجلّ ضعيف: اسم نائب/رقمي/اسم العلامة فقط أو بلا محتوى قابل للتركيب
06291003191091,6291003191091,ALFA,,,GCC,Ketchup,,LOW_QUALITY,NONE,,openfoodfacts,https://world.openfoodfacts.org/product/6291003191091,controlled-lexicon-composition v1 (no free machine translation),سجلّ ضعيف: اسم نائب/رقمي/اسم العلامة فقط أو بلا محتوى قابل للتركيب
06291011050762,Chocodate,,تشوكوديت,تشوكوديت,GCC,unknown,,LOW_QUALITY,NONE,,openfoodfacts,https://world.openfoodfacts.org/product/6291011050762,controlled-lexicon-composition v1 (no free machine translation),سجلّ ضعيف: اسم نائب/رقمي/اسم العلامة فقط أو بلا محتوى قابل للتركيب
06291011051677,Chocodate,,تشوكوديت,تشوكوديت,GCC,unknown,,LOW_QUALITY,NONE,,openfoodfacts,https://world.openfoodfacts.org/product/6291011051677,controlled-lexicon-composition v1 (no free machine translation),سجلّ ضعيف: اسم نائب/رقمي/اسم العلامة فقط أو بلا محتوى قابل للتركيب
06291011060907,Chocodate,,تشوكوديت,تشوكوديت,GCC,unknown,,LOW_QUALITY,NONE,,openfoodfacts,https://world.openfoodfacts.org/product/6291011060907,controlled-lexicon-composition v1 (no free machine translation),سجلّ ضعيف: اسم نائب/رقمي/اسم العلامة فقط أو بلا محتوى قابل للتركيب
06294017130087,Nescafe 3 in 1,Nescafe,نسكافيه,نسكافيه,GCC,unknown,20,LOW_QUALITY,NONE,,openfoodfacts,https://world.openfoodfacts.org/product/6294017130087,controlled-lexicon-composition v1 (no free machine translation),سجلّ ضعيف: اسم نائب/رقمي/اسم العلامة فقط أو بلا محتوى قابل للتركيب
00022000020833,Skittles,Skittles,,,GCC,Confectioneries,,LOW_QUALITY,NONE,,openfoodfacts,https://world.openfoodfacts.org/product/0022000020833,controlled-lexicon-composition v1 (no free machine translation),سجلّ ضعيف: اسم نائب/رقمي/اسم العلامة فقط أو بلا محتوى قابل للتركيب
05000159031103,Maltesers 175g,MALTESERS,,,GCC,Bonbons,43.7,LOW_QUALITY,NONE,,openfoodfacts,https://world.openfoodfacts.org/product/5000159031103,controlled-lexicon-composition v1 (no free machine translation),سجلّ ضعيف: اسم نائب/رقمي/اسم العلامة فقط أو بلا محتوى قابل للتركيب
06281034900182,Rano,Rani,راني,راني,SA,Beverages,,LOW_QUALITY,NONE,rano,openfoodfacts,https://world.openfoodfacts.org/product/6281034900182,controlled-lexicon-composition v1 (no free machine translation),سجلّ ضعيف: اسم نائب/رقمي/اسم العلامة فقط أو بلا محتوى قابل للتركيب
06281100175506,Fuchsia,Fuchsia,,,SA,Cheeses,65,LOW_QUALITY,NONE,,openfoodfacts,https://world.openfoodfacts.org/product/6281100175506,controlled-lexicon-composition v1 (no free machine translation),سجلّ ضعيف: اسم نائب/رقمي/اسم العلامة فقط أو بلا محتوى قابل للتركيب
06285602001431,Dalal,Treato,,,SA,unknown,30,LOW_QUALITY,NONE,dalal,openfoodfacts,https://world.openfoodfacts.org/product/6285602001431,controlled-lexicon-composition v1 (no free machine translation),سجلّ ضعيف: اسم نائب/رقمي/اسم العلامة فقط أو بلا محتوى قابل للتركيب
06287031380354,Assila,ASSILA,,,SA,Deglet Noor dates,,LOW_QUALITY,NONE,,openfoodfacts,https://world.openfoodfacts.org/product/6287031380354,controlled-lexicon-composition v1 (no free machine translation),سجلّ ضعيف: اسم نائب/رقمي/اسم العلامة فقط أو بلا محتوى قابل للتركيب
06290455550494,Jums,,,,GCC,unknown,,LOW_QUALITY,NONE,jums,openfoodfacts,https://world.openfoodfacts.org/product/6290455550494,controlled-lexicon-composition v1 (no free machine translation),سجلّ ضعيف: اسم نائب/رقمي/اسم العلامة فقط أو بلا محتوى قابل للتركيب
06291003045295,Combo,,,,GCC,Bars,,LOW_QUALITY,NONE,combo,openfoodfacts,https://world.openfoodfacts.org/product/6291003045295,controlled-lexicon-composition v1 (no free machine translation),سجلّ ضعيف: اسم نائب/رقمي/اسم العلامة فقط أو بلا محتوى قابل للتركيب
06291011057976,Ruby,,,,GCC,unknown,,LOW_QUALITY,NONE,ruby,openfoodfacts,https://world.openfoodfacts.org/product/6291011057976,controlled-lexicon-composition v1 (no free machine translation),سجلّ ضعيف: اسم نائب/رقمي/اسم العلامة فقط أو بلا محتوى قابل للتركيب
06300900381884,penne,,,بيني,GCC,unknown,,LOW_QUALITY,NONE,,openfoodfacts,https://world.openfoodfacts.org/product/6300900381884,controlled-lexicon-composition v1 (no free machine translation),سجلّ ضعيف: اسم نائب/رقمي/اسم العلامة فقط أو بلا محتوى قابل للتركيب
06271100335642,MF,Chicken Tikka Masala,,,GCC,unknown,400,LOW_QUALITY,NONE,mf,openfoodfacts,https://world.openfoodfacts.org/product/6271100335642,controlled-lexicon-composition v1 (no free machine translation),سجلّ ضعيف: اسم نائب/رقمي/اسم العلامة فقط أو بلا محتوى قابل للتركيب
06281100309901,red band,Red Band,,,SA,unknown,15,LOW_QUALITY,NONE,,openfoodfacts,https://world.openfoodfacts.org/product/6281100309901,controlled-lexicon-composition v1 (no free machine translation),سجلّ ضعيف: اسم نائب/رقمي/اسم العلامة فقط أو بلا محتوى قابل للتركيب
06291007907896,BRITANNIA,Britannia,بريتانيا,بريتانيا,GCC,unknown,,LOW_QUALITY,NONE,,openfoodfacts,https://world.openfoodfacts.org/product/6291007907896,controlled-lexicon-composition v1 (no free machine translation),سجلّ ضعيف: اسم نائب/رقمي/اسم العلامة فقط أو بلا محتوى قابل للتركيب
00000080177173,nutella,Ferrero,فيريرو,فيريرو,SA,Cocoa and hazelnuts spreads,15,LOW_QUALITY,NONE,,openfoodfacts,https://world.openfoodfacts.org/product/80177173,controlled-lexicon-composition v1 (no free machine translation),سجلّ ضعيف: اسم نائب/رقمي/اسم العلامة فقط أو بلا محتوى قابل للتركيب
04630168404592,Творожная Запеканка,Перекресток,,,GCC,unknown,200,LOW_QUALITY,NONE,,openfoodfacts,https://world.openfoodfacts.org/product/4630168404592,controlled-lexicon-composition v1 (no free machine translation),سجلّ ضعيف: اسم نائب/رقمي/اسم العلامة فقط أو بلا محتوى قابل للتركيب
06285035010192,Saadetting,Saadetting,,,SA,Bonbons,100,LOW_QUALITY,NONE,,openfoodfacts,https://world.openfoodfacts.org/product/6285035010192,controlled-lexicon-composition v1 (no free machine translation),سجلّ ضعيف: اسم نائب/رقمي/اسم العلامة فقط أو بلا محتوى قابل للتركيب
08410660045679,Avocadolive,Avocadolive,,,GCC,Olive oil sprays,15,LOW_QUALITY,NONE,,openfoodfacts,https://world.openfoodfacts.org/product/8410660045679,controlled-lexicon-composition v1 (no free machine translation),سجلّ ضعيف: اسم نائب/رقمي/اسم العلامة فقط أو بلا محتوى قابل للتركيب
04902931110659,rotam,Botan,,,SA,unknown,63,LOW_QUALITY,NONE,rotam,openfoodfacts,https://world.openfoodfacts.org/product/4902931110659,controlled-lexicon-composition v1 (no free machine translation),سجلّ ضعيف: اسم نائب/رقمي/اسم العلامة فقط أو بلا محتوى قابل للتركيب
06290410030559,Oeufs,,,,GCC,Large-eggs,,LOW_QUALITY,NONE,oeufs,openfoodfacts,https://world.openfoodfacts.org/product/6290410030559,controlled-lexicon-composition v1 (no free machine translation),سجلّ ضعيف: اسم نائب/رقمي/اسم العلامة فقط أو بلا محتوى قابل للتركيب
06291106534795,Nutty,goodness foods,,,GCC,unknown,100,LOW_QUALITY,NONE,nutty,openfoodfacts,https://world.openfoodfacts.org/product/6291106534795,controlled-lexicon-composition v1 (no free machine translation),سجلّ ضعيف: اسم نائب/رقمي/اسم العلامة فقط أو بلا محتوى قابل للتركيب
00709993323393,Tofu,Natureland,نيتشرلاند,نيتشرلاند,GCC,unknown,80,LOW_QUALITY,NONE,tofu,openfoodfacts,https://world.openfoodfacts.org/product/0709993323393,controlled-lexicon-composition v1 (no free machine translation),سجلّ ضعيف: اسم نائب/رقمي/اسم العلامة فقط أو بلا محتوى قابل للتركيب
06253348103245,Milk,TOPS,,حليب,SA,unknown,100,LOW_QUALITY,NONE,,openfoodfacts,https://world.openfoodfacts.org/product/6253348103245,controlled-lexicon-composition v1 (no free machine translation),سجلّ ضعيف: اسم نائب/رقمي/اسم العلامة فقط أو بلا محتوى قابل للتركيب
06281007056120,Honey,Al Marai,,عسل,SA,unknown,15,LOW_QUALITY,NONE,,openfoodfacts,https://world.openfoodfacts.org/product/6281007056120,controlled-lexicon-composition v1 (no free machine translation),سجلّ ضعيف: اسم نائب/رقمي/اسم العلامة فقط أو بلا محتوى قابل للتركيب
06281022135190,al safi,Alsafi,الصافي,الصافي,SA,unknown,100,LOW_QUALITY,NONE,,openfoodfacts,https://world.openfoodfacts.org/product/6281022135190,controlled-lexicon-composition v1 (no free machine translation),سجلّ ضعيف: اسم نائب/رقمي/اسم العلامة فقط أو بلا محتوى قابل للتركيب
06287017730210,Arroz,bright,,,SA,unknown,,LOW_QUALITY,NONE,arroz,openfoodfacts,https://world.openfoodfacts.org/product/6287017730210,controlled-lexicon-composition v1 (no free machine translation),سجلّ ضعيف: اسم نائب/رقمي/اسم العلامة فقط أو بلا محتوى قابل للتركيب
06291104289239,Mayo,Organic Larder,أورجانيك لاردر,أورجانيك لاردر,GCC,Groceries,,LOW_QUALITY,NONE,mayo,openfoodfacts,https://world.openfoodfacts.org/product/6291104289239,controlled-lexicon-composition v1 (no free machine translation),سجلّ ضعيف: اسم نائب/رقمي/اسم العلامة فقط أو بلا محتوى قابل للتركيب
06294003539054,Kitkat,Nestle,نستله,نستله,GCC,fr:Barre chocolatée biscuitée type KitKat,,LOW_QUALITY,NONE,,openfoodfacts,https://world.openfoodfacts.org/product/6294003539054,controlled-lexicon-composition v1 (no free machine translation),سجلّ ضعيف: اسم نائب/رقمي/اسم العلامة فقط أو بلا محتوى قابل للتركيب
07891151029421,Gomutcho,Gomutcho,,,SA,Gummi candies,20,LOW_QUALITY,NONE,,openfoodfacts,https://world.openfoodfacts.org/product/7891151029421,controlled-lexicon-composition v1 (no free machine translation),سجلّ ضعيف: اسم نائب/رقمي/اسم العلامة فقط أو بلا محتوى قابل للتركيب
00628451926634,Dahi,Modhani,,,SA,Yogurts,125,LOW_QUALITY,NONE,dahi,openfoodfacts,https://world.openfoodfacts.org/product/0628451926634,controlled-lexicon-composition v1 (no free machine translation),سجلّ ضعيف: اسم نائب/رقمي/اسم العلامة فقط أو بلا محتوى قابل للتركيب
06281036002037,Lay’s,Lay's,ليز,ليز,SA,unknown,,LOW_QUALITY,NONE,lay,openfoodfacts,https://world.openfoodfacts.org/product/6281036002037,controlled-lexicon-composition v1 (no free machine translation),سجلّ ضعيف: اسم نائب/رقمي/اسم العلامة فقط أو بلا محتوى قابل للتركيب
06291007901559,Milk Bikis,Milk Bikis,,,GCC,unknown,26,LOW_QUALITY,NONE,,openfoodfacts,https://world.openfoodfacts.org/product/6291007901559,controlled-lexicon-composition v1 (no free machine translation),سجلّ ضعيف: اسم نائب/رقمي/اسم العلامة فقط أو بلا محتوى قابل للتركيب
06291030400142,Laban,Al Rawabi,,لبن,GCC,Fermented milk drinks,100,LOW_QUALITY,NONE,,openfoodfacts,https://world.openfoodfacts.org/product/6291030400142,controlled-lexicon-composition v1 (no free machine translation),سجلّ ضعيف: اسم نائب/رقمي/اسم العلامة فقط أو بلا محتوى قابل للتركيب
06291105823166,6291105823166,Topsy,,,GCC,unknown,15,LOW_QUALITY,NONE,,openfoodfacts,https://world.openfoodfacts.org/product/6291105823166,controlled-lexicon-composition v1 (no free machine translation),سجلّ ضعيف: اسم نائب/رقمي/اسم العلامة فقط أو بلا محتوى قابل للتركيب
06299200047111,CORN FLAKES,NATUR'S,كورن فليكس,كورن فليكس,GCC,Cereals and their products,,LOW_QUALITY,NONE,,openfoodfacts,https://world.openfoodfacts.org/product/6299200047111,controlled-lexicon-composition v1 (no free machine translation),سجلّ ضعيف: اسم نائب/رقمي/اسم العلامة فقط أو بلا محتوى قابل للتركيب
06281007034067,Laban,Almarai,المراعي,المراعي لبن,SA,Drinkable-yogurts,,LOW_QUALITY,NONE,,openfoodfacts,https://world.openfoodfacts.org/product/6281007034067,controlled-lexicon-composition v1 (no free machine translation),سجلّ ضعيف: اسم نائب/رقمي/اسم العلامة فقط أو بلا محتوى قابل للتركيب
06291003305986,Hayat,,,,GCC,unknown,,LOW_QUALITY,NONE,hayat,openfoodfacts,https://world.openfoodfacts.org/product/6291003305986,controlled-lexicon-composition v1 (no free machine translation),سجلّ ضعيف: اسم نائب/رقمي/اسم العلامة فقط أو بلا محتوى قابل للتركيب
08004030383531,Tuna,Rio Mare,,تونة,SA,unknown,,LOW_QUALITY,NONE,,openfoodfacts,https://world.openfoodfacts.org/product/8004030383531,controlled-lexicon-composition v1 (no free machine translation),سجلّ ضعيف: اسم نائب/رقمي/اسم العلامة فقط أو بلا محتوى قابل للتركيب
09504000309862,Mazzraty 170g,,مزرعتي,مزرعتي,GCC,Cow milk yogurts,100,LOW_QUALITY,NONE,,openfoodfacts,https://world.openfoodfacts.org/product/9504000309862,controlled-lexicon-composition v1 (no free machine translation),سجلّ ضعيف: اسم نائب/رقمي/اسم العلامة فقط أو بلا محتوى قابل للتركيب
00028400029049,lays,import,ليز,ليز,GCC,Flavoured potato crisps,28,LOW_QUALITY,NONE,,openfoodfacts,https://world.openfoodfacts.org/product/0028400029049,controlled-lexicon-composition v1 (no free machine translation),سجلّ ضعيف: اسم نائب/رقمي/اسم العلامة فقط أو بلا محتوى قابل للتركيب
06281022117288,Activia,Activia,أكتيفيا,أكتيفيا,SA,unknown,,LOW_QUALITY,NONE,,openfoodfacts,https://world.openfoodfacts.org/product/6281022117288,controlled-lexicon-composition v1 (no free machine translation),سجلّ ضعيف: اسم نائب/رقمي/اسم العلامة فقط أو بلا محتوى قابل للتركيب
06291009020036,Honey,Diamond,,عسل,GCC,Honeys,220,LOW_QUALITY,NONE,,openfoodfacts,https://world.openfoodfacts.org/product/6291009020036,controlled-lexicon-composition v1 (no free machine translation),سجلّ ضعيف: اسم نائب/رقمي/اسم العلامة فقط أو بلا محتوى قابل للتركيب
