query,baseline_results,enriched_results,delta
حليب,68,175,107
لبن,52,90,38
زبادي,55,114,59
عصير,27,48,21
دجاج,8,28,20
خبز,13,17,4
جبن,15,57,42
ماء,0,1,1
شوفان,3,6,3
تونة,4,15,11
تمر,3,69,66
شوكولاتة,2,62,60
بسكويت,3,13,10
شيبس,1,9,8
قهوة,1,12,11
شاي,2,16,14
عسل,1,8,7
أرز,1,6,5
زيت,3,14,11
سكر,2,16,14
ملح,1,17,16
فول,5,16,11
حمص,2,7,5
معكرونة,2,5,3
زبدة,4,18,14
قشطة,5,34,29
مربى,1,5,4
صلصة,3,11,8
كاتشب,0,15,15
مايونيز,4,13,9
سمك,0,2,2
لحم,3,16,13
بيض,2,2,0
فراولة,10,46,36
مانجو,10,34,24
برتقال,7,30,23
موز,0,11,11
تفاح,2,15,13
مكسرات,0,0,0
لوز,3,15,12
فستق,1,8,7
كيك,3,10,7
آيس كريم,0,0,0
مشروب,3,9,6
طاقة,0,6,6
بروتين,12,27,15
خالي الدسم,0,0,0
كامل الدسم,0,0,0
قليل الدسم,0,0,0
عضوي,4,16,12
مجمد,0,0,0
طازج,19,72,53
معلب,0,0,0
المراعي,118,150,32
ندى,44,71,27
نادك,50,76,26
السعودية,21,31,10
قودي,15,26,11
إندومي,1,4,3
ليز,6,12,6
بيبسي,0,3,3
أوريو,0,0,0
نستله,1,9,8
ماجي,1,15,14
كيري,0,5,5
بوك,5,20,15
تسالي,1,7,6
سنبلة,3,8,5
العلالي,2,12,10
لونا,5,17,12
أمريكانا,2,12,10
ساديا,0,3,3
