candidate_id,status,status_reason,name_ar,name_en,brand_ar,brand_en,restaurant_or_brand,food_type,category,subcategory,variant,preparation,market,data_market,saudi_market_verified,saudi_relevance,priority,match_status,existing_qimmah_match,source_class,source_name,source_url,barcode_gtin,package_size,serving_description,serving_grams,calories,protein_g,carbs_g,fat_g,fiber_g,sugar_g,sodium_mg,nutrition_completeness,confidence,energy_check,usda_fdc_id,usda_desc,off_product_name,off_product_name_ar,match_score,dropped_fields,invalid_barcode_seen,aliases_ar,aliases_en,notes
QGAP-00001,READY_FULL,,صدر دجاج بالجلد,Chicken breast with skin,,,,GENERIC,أطعمة عامة,لحوم ودواجن,,—,KSA,GLOBAL_REFERENCE,,HIGH,P1,MISSING,,USDA,"USDA FoodData Central — Chicken, broilers or fryers, breast, meat and skin, raw",https://fdc.nal.usda.gov/food-details/171474/nutrients,,,لكل 100غ,100,172.0,20.85,0.0,9.25,0.0,0.0,63.0,FULL,HIGH,,171474,"Chicken, broilers or fryers, breast, meat and skin, raw",,,1.24,,,,,
QGAP-00002,READY_FULL,,صدر دجاج بدون جلد نيء,Chicken breast skinless raw,,,,GENERIC,أطعمة عامة,لحوم ودواجن,,—,KSA,GLOBAL_REFERENCE,,HIGH,P1,MISSING,,USDA,"USDA FoodData Central — Chicken, broiler or fryers, breast, skinless, boneless, meat only, raw",https://fdc.nal.usda.gov/food-details/171077/nutrients,,,لكل 100غ,100,120.0,22.5,0.0,2.62,0.0,0.0,45.0,FULL,HIGH,,171077,"Chicken, broiler or fryers, breast, skinless, boneless, meat only, raw",,,1.55,,,,,
QGAP-00004,READY_FULL,,ورك دجاج,Chicken drumstick,,,,GENERIC,أطعمة عامة,لحوم ودواجن,,—,KSA,GLOBAL_REFERENCE,,HIGH,P1,MISSING,,USDA,"USDA FoodData Central — Chicken, broilers or fryers, drumstick, meat and skin, raw",https://fdc.nal.usda.gov/food-details/172373/nutrients,,,لكل 100غ,100,161.0,18.08,0.11,9.2,0.0,0.0,106.0,FULL,HIGH,,172373,"Chicken, broilers or fryers, drumstick, meat and skin, raw",,,1.2,,,,,
QGAP-00007,READY_FULL,,كبد بقري,Beef liver,,,,GENERIC,أطعمة عامة,لحوم ودواجن,,—,KSA,GLOBAL_REFERENCE,,HIGH,P1,MISSING,,USDA,"USDA FoodData Central — Beef, variety meats and by-products, liver, raw",https://fdc.nal.usda.gov/food-details/169451/nutrients,,,لكل 100غ,100,135.0,20.36,3.89,3.63,0.0,0.0,69.0,FULL,HIGH,,169451,"Beef, variety meats and by-products, liver, raw",,,1.24,,,,,
QGAP-00008,READY_FULL,,كلاوي غنم,Lamb kidney,,,,GENERIC,أطعمة عامة,لحوم ودواجن,,—,KSA,GLOBAL_REFERENCE,,HIGH,P1,MISSING,,USDA,"USDA FoodData Central — Lamb, variety meats and by-products, kidneys, raw",https://fdc.nal.usda.gov/food-details/174354/nutrients,,,لكل 100غ,100,97.0,15.74,0.82,2.95,0.0,,156.0,FULL,HIGH,,174354,"Lamb, variety meats and by-products, kidneys, raw",,,1.24,,,,,
QGAP-00009,READY_FULL,,لسان بقري,Beef tongue,,,,GENERIC,أطعمة عامة,لحوم ودواجن,,—,KSA,GLOBAL_REFERENCE,,HIGH,P1,MISSING,,USDA,"USDA FoodData Central — Beef, variety meats and by-products, tongue, raw",https://fdc.nal.usda.gov/food-details/170196/nutrients,,,لكل 100غ,100,224.0,14.9,3.68,16.09,0.0,,69.0,FULL,HIGH,,170196,"Beef, variety meats and by-products, tongue, raw",,,1.24,,,,,
QGAP-00010,READY_FULL,,مخ غنم,Lamb brain,,,,GENERIC,أطعمة عامة,لحوم ودواجن,,—,KSA,GLOBAL_REFERENCE,,HIGH,P1,MISSING,,USDA,"USDA FoodData Central — Lamb, variety meats and by-products, brain, raw",https://fdc.nal.usda.gov/food-details/172525/nutrients,,,لكل 100غ,100,122.0,10.4,0.0,8.58,0.0,,112.0,FULL,HIGH,,172525,"Lamb, variety meats and by-products, brain, raw",,,1.24,,,,,
QGAP-00020,READY_FULL,,رقبة غنم,Lamb neck,,,,GENERIC,أطعمة عامة,لحوم ودواجن,,—,KSA,GLOBAL_REFERENCE,,HIGH,P1,MISSING,,USDA,"USDA FoodData Central — Lamb, New Zealand, imported, neck chops, separable lean and fat, raw",https://fdc.nal.usda.gov/food-details/172637/nutrients,,,لكل 100غ,100,231.0,17.43,0.14,17.9,0.0,0.0,73.0,FULL,HIGH,,172637,"Lamb, New Zealand, imported, neck chops, separable lean and fat, raw",,,1.08,,,,,
QGAP-00021,READY_FULL,,كتف غنم,Lamb shoulder,,,,GENERIC,أطعمة عامة,لحوم ودواجن,,—,KSA,GLOBAL_REFERENCE,,HIGH,P1,MISSING,,USDA,"USDA FoodData Central — Lamb, shoulder, arm, separable lean and fat, trimmed to 1/4"" fat, choice, raw",https://fdc.nal.usda.gov/food-details/172500/nutrients,,,لكل 100غ,100,260.0,16.79,0.0,20.9,0.0,,60.0,FULL,HIGH,,172500,"Lamb, shoulder, arm, separable lean and fat, trimmed to 1/4"" fat, choice, raw",,,1.12,,,,,
QGAP-00022,READY_FULL,,ساق غنم,Lamb leg,,,,GENERIC,أطعمة عامة,لحوم ودواجن,,—,KSA,GLOBAL_REFERENCE,,HIGH,P1,MISSING,,USDA,"USDA FoodData Central — Lamb, leg, sirloin half, separable lean and fat, trimmed to 1/4"" fat, choice, raw",https://fdc.nal.usda.gov/food-details/172488/nutrients,,,لكل 100غ,100,272.0,16.94,0.0,22.11,0.0,,56.0,FULL,HIGH,,172488,"Lamb, leg, sirloin half, separable lean and fat, trimmed to 1/4"" fat, choice, raw",,,1.08,,,,,
QGAP-00023,READY_FULL,,ديك رومي مفروم,Ground turkey,,,,GENERIC,أطعمة عامة,لحوم ودواجن,,—,KSA,GLOBAL_REFERENCE,,HIGH,P1,MISSING,,USDA,"USDA FoodData Central — Turkey, Ground, raw",https://fdc.nal.usda.gov/food-details/171505/nutrients,,,لكل 100غ,100,148.0,19.66,0.0,7.66,0.0,0.0,58.0,FULL,HIGH,,171505,"Turkey, Ground, raw",,,1.36,,,,,
QGAP-00025,READY_FULL,,لحم مقدد بقري,Beef bacon,,,,GENERIC,أطعمة عامة,لحوم ودواجن,,—,KSA,GLOBAL_REFERENCE,,HIGH,P1,MISSING,,USDA,USDA FoodData Central — Bacon and beef sticks,https://fdc.nal.usda.gov/food-details/174602/nutrients,,,لكل 100غ,100,517.0,29.1,0.8,44.2,0.0,0.8,1420.0,FULL,HIGH,,174602,Bacon and beef sticks,,,1.26,,,,,
QGAP-00026,READY_FULL,,نقانق دجاج,Chicken sausage,,,,GENERIC,أطعمة عامة,لحوم ودواجن,,—,KSA,GLOBAL_REFERENCE,,HIGH,P1,MISSING,,USDA,"USDA FoodData Central — Sausage, Polish, beef with chicken, hot",https://fdc.nal.usda.gov/food-details/172953/nutrients,,,لكل 100غ,100,259.0,17.6,3.6,19.4,0.0,0.0,1540.0,FULL,HIGH,,172953,"Sausage, Polish, beef with chicken, hot",,,1.18,,,,,
QGAP-00027,READY_FULL,,نقانق بقري,Beef sausage,,,,GENERIC,أطعمة عامة,لحوم ودواجن,,—,KSA,GLOBAL_REFERENCE,,HIGH,P1,MISSING,,USDA,"USDA FoodData Central — Sausage, Berliner, pork, beef",https://fdc.nal.usda.gov/food-details/171617/nutrients,,,لكل 100غ,100,230.0,15.27,2.59,17.2,0.0,2.35,1297.0,FULL,HIGH,,171617,"Sausage, Berliner, pork, beef",,,1.22,,,,,
QGAP-00035,READY_FULL,,سمك بلطي,Tilapia,,,,GENERIC,أطعمة عامة,أسماك ومأكولات بحرية,,,KSA,GLOBAL_REFERENCE,,HIGH,P2,MISSING,,USDA,"USDA FoodData Central — Fish, tilapia, raw",https://fdc.nal.usda.gov/food-details/175176/nutrients,,,لكل 100غ,100,96.0,20.08,0.0,1.7,0.0,0.0,52.0,FULL,HIGH,,175176,"Fish, tilapia, raw",,,1.02,,,,,
QGAP-00043,READY_FULL,,سمك موسى,Sole fish,,,,GENERIC,أطعمة عامة,أسماك ومأكولات بحرية,,,KSA,GLOBAL_REFERENCE,,HIGH,P2,MISSING,,USDA,"USDA FoodData Central — Fish, flatfish (flounder and sole species), raw",https://fdc.nal.usda.gov/food-details/174196/nutrients,,,لكل 100غ,100,70.0,12.41,0.0,1.93,0.0,0.0,296.0,FULL,HIGH,,174196,"Fish, flatfish (flounder and sole species), raw",,,1.24,,,,,
QGAP-00046,READY_FULL,,أخطبوط,Octopus,,,,GENERIC,أطعمة عامة,أسماك ومأكولات بحرية,,,KSA,GLOBAL_REFERENCE,,HIGH,P2,MISSING,,USDA,USDA FoodData Central — Octopus (Alaska Native),https://fdc.nal.usda.gov/food-details/168019/nutrients,,,لكل 100غ,100,56.0,12.3,0.0,0.8,,,,FULL,HIGH,,168019,Octopus (Alaska Native),,,1.22,,,,,
QGAP-00048,READY_FULL,,سمك مملح (فسيخ),Salted fish,,,,GENERIC,أطعمة عامة,أسماك ومأكولات بحرية,,,KSA,GLOBAL_REFERENCE,,HIGH,P2,MISSING,,USDA,"USDA FoodData Central — Fish, mackerel, salted",https://fdc.nal.usda.gov/food-details/168149/nutrients,,,لكل 100غ,100,305.0,18.5,0.0,25.1,0.0,0.0,4450.0,FULL,HIGH,,168149,"Fish, mackerel, salted",,,1.61,,,,,
QGAP-00049,READY_FULL,,سمك مدخن,Smoked fish,,,,GENERIC,أطعمة عامة,أسماك ومأكولات بحرية,,,KSA,GLOBAL_REFERENCE,,HIGH,P2,MISSING,,USDA,"USDA FoodData Central — Fish, cisco, smoked",https://fdc.nal.usda.gov/food-details/171954/nutrients,,,لكل 100غ,100,177.0,16.36,0.0,11.9,0.0,0.0,481.0,FULL,HIGH,,171954,"Fish, cisco, smoked",,,1.61,,,,,
QGAP-00053,READY_FULL,,صدر دجاج مقلي بالزيت,"Chicken breast, Deep fried",,,,GENERIC,أطعمة عامة,طرق الطهي,,fried,KSA,GLOBAL_REFERENCE,,HIGH,P2,MISSING,,USDA,"USDA FoodData Central — Chicken, broilers or fryers, breast, meat only, cooked, fried",https://fdc.nal.usda.gov/food-details/171078/nutrients,,,لكل 100غ,100,187.0,33.44,0.51,4.71,0.0,0.0,79.0,FULL,HIGH,,171078,"Chicken, broilers or fryers, breast, meat only, cooked, fried",,,1.46,,,,,يُضاف فقط إذا اختلفت القيم ماديًا عن الصنف الأساسي الموجود.
QGAP-00054,READY_FULL,,صدر دجاج مقلي بالهواء,"Chicken breast, Air fried",,,,GENERIC,أطعمة عامة,طرق الطهي,,air_fried,KSA,GLOBAL_REFERENCE,,HIGH,P2,MISSING,,USDA,"USDA FoodData Central — Chicken, broilers or fryers, breast, meat only, cooked, fried",https://fdc.nal.usda.gov/food-details/171078/nutrients,,,لكل 100غ,100,187.0,33.44,0.51,4.71,0.0,0.0,79.0,FULL,HIGH,,171078,"Chicken, broilers or fryers, breast, meat only, cooked, fried",,,1.46,,,,,يُضاف فقط إذا اختلفت القيم ماديًا عن الصنف الأساسي الموجود.
QGAP-00056,READY_FULL,,صدر دجاج مسلوق,"Chicken breast, Boiled",,,,GENERIC,أطعمة عامة,طرق الطهي,,boiled,KSA,GLOBAL_REFERENCE,,HIGH,P2,MISSING,,USDA,"USDA FoodData Central — Chicken breast tenders, breaded, cooked, microwaved",https://fdc.nal.usda.gov/food-details/171514/nutrients,,,لكل 100غ,100,252.0,16.35,17.56,12.89,0.0,0.0,446.0,FULL,HIGH,,171514,"Chicken breast tenders, breaded, cooked, microwaved",,,1.54,,,,,يُضاف فقط إذا اختلفت القيم ماديًا عن الصنف الأساسي الموجود.
QGAP-00057,READY_FULL,,صدر دجاج مطهو على البخار,"Chicken breast, Steamed",,,,GENERIC,أطعمة عامة,طرق الطهي,,steamed,KSA,GLOBAL_REFERENCE,,HIGH,P2,MISSING,,USDA,"USDA FoodData Central — Chicken breast tenders, breaded, cooked, microwaved",https://fdc.nal.usda.gov/food-details/171514/nutrients,,,لكل 100غ,100,252.0,16.35,17.56,12.89,0.0,0.0,446.0,FULL,HIGH,,171514,"Chicken breast tenders, breaded, cooked, microwaved",,,1.54,,,,,يُضاف فقط إذا اختلفت القيم ماديًا عن الصنف الأساسي الموجود.
QGAP-00058,READY_FULL,,بطاطس مقلي بالزيت,"Potato, Deep fried",,,,GENERIC,أطعمة عامة,طرق الطهي,,fried,KSA,GLOBAL_REFERENCE,,HIGH,P2,MISSING,,USDA,"USDA FoodData Central — Sweet Potatoes, french fried, crosscut, frozen, unprepared",https://fdc.nal.usda.gov/food-details/168015/nutrients,,,لكل 100غ,100,209.0,1.7,25.52,11.1,3.4,6.46,214.0,FULL,HIGH,,168015,"Sweet Potatoes, french fried, crosscut, frozen, unprepared",,,1.46,,,,,يُضاف فقط إذا اختلفت القيم ماديًا عن الصنف الأساسي الموجود.
QGAP-00059,READY_FULL,,بطاطس مقلي بالهواء,"Potato, Air fried",,,,GENERIC,أطعمة عامة,طرق الطهي,,air_fried,KSA,GLOBAL_REFERENCE,,HIGH,P2,MISSING,,USDA,"USDA FoodData Central — Sweet Potatoes, french fried, crosscut, frozen, unprepared",https://fdc.nal.usda.gov/food-details/168015/nutrients,,,لكل 100غ,100,209.0,1.7,25.52,11.1,3.4,6.46,214.0,FULL,HIGH,,168015,"Sweet Potatoes, french fried, crosscut, frozen, unprepared",,,1.46,,,,,يُضاف فقط إذا اختلفت القيم ماديًا عن الصنف الأساسي الموجود.
QGAP-00060,READY_FULL,,بطاطس مشوي بالفرن,"Potato, Oven baked",,,,GENERIC,أطعمة عامة,طرق الطهي,,baked,KSA,GLOBAL_REFERENCE,,HIGH,P2,MISSING,,USDA,"USDA FoodData Central — Potatoes, baked, flesh, without salt",https://fdc.nal.usda.gov/food-details/170033/nutrients,,,لكل 100غ,100,93.0,1.96,21.55,0.1,1.5,1.7,5.0,FULL,HIGH,,170033,"Potatoes, baked, flesh, without salt",,,1.58,,,,,يُضاف فقط إذا اختلفت القيم ماديًا عن الصنف الأساسي الموجود.
QGAP-00061,READY_FULL,,بطاطس مطهو على البخار,"Potato, Steamed",,,,GENERIC,أطعمة عامة,طرق الطهي,,steamed,KSA,GLOBAL_REFERENCE,,HIGH,P2,MISSING,,USDA,"USDA FoodData Central — Sweet potato, cooked, boiled, without skin",https://fdc.nal.usda.gov/food-details/168484/nutrients,,,لكل 100غ,100,76.0,1.37,17.72,0.14,2.5,5.74,27.0,FULL,HIGH,,168484,"Sweet potato, cooked, boiled, without skin",,,1.54,,,,,يُضاف فقط إذا اختلفت القيم ماديًا عن الصنف الأساسي الموجود.
QGAP-00069,READY_FULL,,سمك مشوي بالفرن,"Fish, Oven baked",,,,GENERIC,أطعمة عامة,طرق الطهي,,baked,KSA,GLOBAL_REFERENCE,,HIGH,P2,MISSING,,USDA,USDA FoodData Central — Fish broth,https://fdc.nal.usda.gov/food-details/171606/nutrients,,,لكل 100غ,100,16.0,2.0,0.4,0.6,0.0,0.09,200.0,FULL,HIGH,,171606,Fish broth,,,1.26,,,,,يُضاف فقط إذا اختلفت القيم ماديًا عن الصنف الأساسي الموجود.
QGAP-00070,READY_FULL,,سمك مسلوق,"Fish, Boiled",,,,GENERIC,أطعمة عامة,طرق الطهي,,boiled,KSA,GLOBAL_REFERENCE,,HIGH,P2,MISSING,,USDA,"USDA FoodData Central — Fish, pollock, Alaska, cooked",https://fdc.nal.usda.gov/food-details/173726/nutrients,,,لكل 100غ,100,86.62,19.42,0.0,0.99,,,166.0,FULL,HIGH,,173726,"Fish, pollock, Alaska, cooked",,,1.58,,,,,يُضاف فقط إذا اختلفت القيم ماديًا عن الصنف الأساسي الموجود.
QGAP-00071,READY_FULL,,سمك مطهو على البخار,"Fish, Steamed",,,,GENERIC,أطعمة عامة,طرق الطهي,,steamed,KSA,GLOBAL_REFERENCE,,HIGH,P2,MISSING,,USDA,"USDA FoodData Central — Fish, pollock, Alaska, cooked",https://fdc.nal.usda.gov/food-details/173726/nutrients,,,لكل 100غ,100,86.62,19.42,0.0,0.99,,,166.0,FULL,HIGH,,173726,"Fish, pollock, Alaska, cooked",,,1.58,,,,,يُضاف فقط إذا اختلفت القيم ماديًا عن الصنف الأساسي الموجود.
QGAP-00079,READY_FULL,,بيض مشوي بالفرن,"Egg, Oven baked",,,,GENERIC,أطعمة عامة,طرق الطهي,,baked,KSA,GLOBAL_REFERENCE,,HIGH,P2,MISSING,,USDA,USDA FoodData Central — Potato salad with egg,https://fdc.nal.usda.gov/food-details/173343/nutrients,,,لكل 100غ,100,157.0,1.96,16.18,9.4,1.3,4.95,329.0,FULL,HIGH,,173343,Potato salad with egg,,,1.22,,,,,يُضاف فقط إذا اختلفت القيم ماديًا عن الصنف الأساسي الموجود.
QGAP-00080,READY_FULL,,بيض مطهو على البخار,"Egg, Steamed",,,,GENERIC,أطعمة عامة,طرق الطهي,,steamed,KSA,GLOBAL_REFERENCE,,HIGH,P2,MISSING,,USDA,"USDA FoodData Central — Egg, whole, cooked, omelet",https://fdc.nal.usda.gov/food-details/172185/nutrients,,,لكل 100غ,100,154.0,10.57,0.64,11.66,0.0,0.31,155.0,FULL,HIGH,,172185,"Egg, whole, cooked, omelet",,,1.58,,,,,يُضاف فقط إذا اختلفت القيم ماديًا عن الصنف الأساسي الموجود.
QGAP-00084,READY_FULL,,كوسا مسلوق,"Zucchini, Boiled",,,,GENERIC,أطعمة عامة,طرق الطهي,,boiled,KSA,GLOBAL_REFERENCE,,HIGH,P2,MISSING,,USDA,"USDA FoodData Central — Squash, summer, zucchini, includes skin, cooked, boiled, drained, without salt",https://fdc.nal.usda.gov/food-details/169292/nutrients,,,لكل 100غ,100,15.0,1.14,2.69,0.36,1.0,1.71,3.0,FULL,HIGH,,169292,"Squash, summer, zucchini, includes skin, cooked, boiled, drained, without salt",,,1.08,,,,,يُضاف فقط إذا اختلفت القيم ماديًا عن الصنف الأساسي الموجود.
QGAP-00085,READY_FULL,,كوسا مطهو على البخار,"Zucchini, Steamed",,,,GENERIC,أطعمة عامة,طرق الطهي,,steamed,KSA,GLOBAL_REFERENCE,,HIGH,P2,MISSING,,USDA,"USDA FoodData Central — Squash, summer, zucchini, includes skin, cooked, boiled, drained, without salt",https://fdc.nal.usda.gov/food-details/169292/nutrients,,,لكل 100غ,100,15.0,1.14,2.69,0.36,1.0,1.71,3.0,FULL,HIGH,,169292,"Squash, summer, zucchini, includes skin, cooked, boiled, drained, without salt",,,1.08,,,,,يُضاف فقط إذا اختلفت القيم ماديًا عن الصنف الأساسي الموجود.
QGAP-00089,READY_FULL,,قرنبيط مسلوق,"Cauliflower, Boiled",,,,GENERIC,أطعمة عامة,طرق الطهي,,boiled,KSA,GLOBAL_REFERENCE,,HIGH,P2,MISSING,,USDA,"USDA FoodData Central — Cauliflower, green, cooked, with salt",https://fdc.nal.usda.gov/food-details/169391/nutrients,,,لكل 100غ,100,32.0,3.04,6.28,0.31,3.3,,259.0,FULL,HIGH,,169391,"Cauliflower, green, cooked, with salt",,,1.58,,,,,يُضاف فقط إذا اختلفت القيم ماديًا عن الصنف الأساسي الموجود.
QGAP-00090,READY_FULL,,قرنبيط مطهو على البخار,"Cauliflower, Steamed",,,,GENERIC,أطعمة عامة,طرق الطهي,,steamed,KSA,GLOBAL_REFERENCE,,HIGH,P2,MISSING,,USDA,"USDA FoodData Central — Cauliflower, green, cooked, with salt",https://fdc.nal.usda.gov/food-details/169391/nutrients,,,لكل 100غ,100,32.0,3.04,6.28,0.31,3.3,,259.0,FULL,HIGH,,169391,"Cauliflower, green, cooked, with salt",,,1.58,,,,,يُضاف فقط إذا اختلفت القيم ماديًا عن الصنف الأساسي الموجود.
QGAP-00091,READY_FULL,,ملفوف,Cabbage,,,,GENERIC,أطعمة عامة,خضار,,,KSA,GLOBAL_REFERENCE,,HIGH,P1,MISSING,,USDA,"USDA FoodData Central — Cabbage, raw",https://fdc.nal.usda.gov/food-details/169975/nutrients,,,لكل 100غ,100,25.0,1.28,5.8,0.1,2.5,3.2,18.0,FULL,HIGH,,169975,"Cabbage, raw",,,1.36,,,,,
QGAP-00092,READY_FULL,,كرنب أحمر,Red cabbage,,,,GENERIC,أطعمة عامة,خضار,,,KSA,GLOBAL_REFERENCE,,HIGH,P1,MISSING,,USDA,"USDA FoodData Central — Cabbage, red, raw",https://fdc.nal.usda.gov/food-details/169977/nutrients,,,لكل 100غ,100,31.0,1.43,7.37,0.16,2.1,3.83,27.0,FULL,HIGH,,169977,"Cabbage, red, raw",,,1.36,,,,,
QGAP-00093,READY_FULL,,فجل,Radish,,,,GENERIC,أطعمة عامة,خضار,,,KSA,GLOBAL_REFERENCE,,HIGH,P1,MISSING,,USDA,"USDA FoodData Central — Radishes, raw",https://fdc.nal.usda.gov/food-details/169276/nutrients,,,لكل 100غ,100,16.0,0.68,3.4,0.1,1.6,1.86,39.0,FULL,HIGH,,169276,"Radishes, raw",,,1.36,,,,,
QGAP-00094,READY_FULL,,لفت,Turnip,,,,GENERIC,أطعمة عامة,خضار,,,KSA,GLOBAL_REFERENCE,,HIGH,P1,MISSING,,USDA,"USDA FoodData Central — Turnips, raw",https://fdc.nal.usda.gov/food-details/170465/nutrients,,,لكل 100غ,100,28.0,0.9,6.43,0.1,1.8,3.8,67.0,FULL,HIGH,,170465,"Turnips, raw",,,1.36,,,,,
QGAP-00096,READY_FULL,,كرفس,Celery,,,,GENERIC,أطعمة عامة,خضار,,,KSA,GLOBAL_REFERENCE,,HIGH,P1,MISSING,,USDA,"USDA FoodData Central — Celery, raw",https://fdc.nal.usda.gov/food-details/169988/nutrients,,,لكل 100غ,100,14.0,0.69,2.97,0.17,1.6,1.34,80.0,FULL,HIGH,,169988,"Celery, raw",,,1.36,,,,,
QGAP-00097,READY_FULL,,بقدونس,Parsley,,,,GENERIC,أطعمة عامة,خضار,,,KSA,GLOBAL_REFERENCE,,HIGH,P1,MISSING,,USDA,"USDA FoodData Central — Parsley, fresh",https://fdc.nal.usda.gov/food-details/170416/nutrients,,,لكل 100غ,100,36.0,2.97,6.33,0.79,3.3,0.85,56.0,FULL,HIGH,,170416,"Parsley, fresh",,,1.26,,,,,
QGAP-00100,READY_FULL,,شبت,Dill,,,,GENERIC,أطعمة عامة,خضار,,,KSA,GLOBAL_REFERENCE,,HIGH,P1,MISSING,,USDA,"USDA FoodData Central — Dill weed, fresh",https://fdc.nal.usda.gov/food-details/172233/nutrients,,,لكل 100غ,100,43.0,3.46,7.02,1.12,2.1,,61.0,FULL,HIGH,,172233,"Dill weed, fresh",,,1.22,,,,,
QGAP-00101,READY_FULL,,جرجير,Arugula,,,,GENERIC,أطعمة عامة,خضار,,,KSA,GLOBAL_REFERENCE,,HIGH,P1,MISSING,,USDA,"USDA FoodData Central — Arugula, raw",https://fdc.nal.usda.gov/food-details/169387/nutrients,,,لكل 100غ,100,25.0,2.58,3.65,0.66,1.6,2.05,27.0,FULL,HIGH,,169387,"Arugula, raw",,,1.36,,,,,
QGAP-00102,READY_FULL,,ملفوف بروكسل,Brussels sprouts,,,,GENERIC,أطعمة عامة,خضار,,,KSA,GLOBAL_REFERENCE,,HIGH,P1,MISSING,,USDA,"USDA FoodData Central — Brussels sprouts, raw",https://fdc.nal.usda.gov/food-details/170383/nutrients,,,لكل 100غ,100,43.0,3.38,8.95,0.3,3.8,2.2,25.0,FULL,HIGH,,170383,"Brussels sprouts, raw",,,1.36,,,,,
QGAP-00103,READY_FULL,,هليون,Asparagus,,,,GENERIC,أطعمة عامة,خضار,,,KSA,GLOBAL_REFERENCE,,HIGH,P1,MISSING,,USDA,"USDA FoodData Central — Asparagus, raw",https://fdc.nal.usda.gov/food-details/168389/nutrients,,,لكل 100غ,100,20.0,2.2,3.88,0.12,2.1,1.88,2.0,FULL,HIGH,,168389,"Asparagus, raw",,,1.36,,,,,
QGAP-00104,READY_FULL,,فطر,Mushroom,,,,GENERIC,أطعمة عامة,خضار,,,KSA,GLOBAL_REFERENCE,,HIGH,P1,MISSING,,USDA,"USDA FoodData Central — Mushrooms, Chanterelle, raw",https://fdc.nal.usda.gov/food-details/168422/nutrients,,,لكل 100غ,100,32.0,1.49,6.86,0.53,3.8,1.16,9.0,FULL,HIGH,,168422,"Mushrooms, Chanterelle, raw",,,1.32,,,,,
QGAP-00107,READY_FULL,,قرع عسلي,Pumpkin,,,,GENERIC,أطعمة عامة,خضار,,,KSA,GLOBAL_REFERENCE,,HIGH,P1,MISSING,,USDA,"USDA FoodData Central — Pumpkin, raw",https://fdc.nal.usda.gov/food-details/168448/nutrients,,,لكل 100غ,100,26.0,1.0,6.5,0.1,0.5,2.76,1.0,FULL,HIGH,,168448,"Pumpkin, raw",,,1.36,,,,,
QGAP-00108,READY_FULL,,قرنبيط,Cauliflower,,,,GENERIC,أطعمة عامة,خضار,,,KSA,GLOBAL_REFERENCE,,HIGH,P1,MISSING,,USDA,"USDA FoodData Central — Cauliflower, raw",https://fdc.nal.usda.gov/food-details/169986/nutrients,,,لكل 100غ,100,25.0,1.92,4.97,0.28,2.0,1.91,30.0,FULL,HIGH,,169986,"Cauliflower, raw",,,1.36,,,,,
QGAP-00110,READY_FULL,,بازلاء,Green peas,,,,GENERIC,أطعمة عامة,خضار,,,KSA,GLOBAL_REFERENCE,,HIGH,P1,MISSING,,USDA,"USDA FoodData Central — Peas, green, raw",https://fdc.nal.usda.gov/food-details/170419/nutrients,,,لكل 100غ,100,81.0,5.42,14.45,0.4,5.7,5.67,5.0,FULL,HIGH,,170419,"Peas, green, raw",,,1.36,,,,,
QGAP-00112,READY_FULL,,فلفل حار,Chili pepper,,,,GENERIC,أطعمة عامة,خضار,,,KSA,GLOBAL_REFERENCE,,HIGH,P1,MISSING,,USDA,"USDA FoodData Central — Peppers, hot chili, red, raw",https://fdc.nal.usda.gov/food-details/170106/nutrients,,,لكل 100غ,100,40.0,1.87,8.81,0.44,1.5,5.3,9.0,FULL,HIGH,,170106,"Peppers, hot chili, red, raw",,,1.28,,,,,
QGAP-00113,READY_FULL,,زنجبيل,Ginger,,,,GENERIC,أطعمة عامة,خضار,,,KSA,GLOBAL_REFERENCE,,HIGH,P1,MISSING,,USDA,"USDA FoodData Central — Ginger root, raw",https://fdc.nal.usda.gov/food-details/169231/nutrients,,,لكل 100غ,100,80.0,1.82,17.77,0.75,2.0,1.7,13.0,FULL,HIGH,,169231,"Ginger root, raw",,,1.32,,,,,
QGAP-00118,READY_FULL,,يقطين,Squash,,,,GENERIC,أطعمة عامة,خضار,,,KSA,GLOBAL_REFERENCE,,HIGH,P1,MISSING,,USDA,"USDA FoodData Central — Squash, Indian, raw (Navajo)",https://fdc.nal.usda.gov/food-details/168040/nutrients,,,لكل 100غ,100,26.0,0.52,5.64,0.2,,3.54,20.0,FULL,HIGH,,168040,"Squash, Indian, raw (Navajo)",,,1.28,,,,,
QGAP-00119,READY_FULL,,سلق,Swiss chard,,,,GENERIC,أطعمة عامة,خضار,,,KSA,GLOBAL_REFERENCE,,HIGH,P1,MISSING,,USDA,"USDA FoodData Central — Chard, swiss, raw",https://fdc.nal.usda.gov/food-details/169991/nutrients,,,لكل 100غ,100,19.0,1.8,3.74,0.2,1.6,1.1,213.0,FULL,HIGH,,169991,"Chard, swiss, raw",,,1.36,,,,,
QGAP-00122,READY_FULL,,زيتون أخضر محشي,Stuffed green olives,,,,GENERIC,أطعمة عامة,خضار,,,KSA,GLOBAL_REFERENCE,,HIGH,P1,MISSING,,USDA,"USDA FoodData Central — Olives, green, Manzanilla, stuffed with pimiento",https://fdc.nal.usda.gov/food-details/332791/nutrients,,,لكل 100غ,100,130.0,1.15,4.96,12.9,4.0,0.0,1620.0,FULL,HIGH,,332791,"Olives, green, Manzanilla, stuffed with pimiento",,,1.22,,,,,
QGAP-00127,READY_FULL,,كمثرى (إجاص),Pear,,,,GENERIC,أطعمة عامة,فواكه,,,KSA,GLOBAL_REFERENCE,,HIGH,P1,MISSING,,USDA,"USDA FoodData Central — Pears, raw",https://fdc.nal.usda.gov/food-details/169118/nutrients,,,لكل 100غ,100,57.0,0.36,15.23,0.14,3.1,9.75,1.0,FULL,HIGH,,169118,"Pears, raw",,,1.36,,,,,
QGAP-00128,READY_FULL,,خوخ,Peach,,,,GENERIC,أطعمة عامة,فواكه,,,KSA,GLOBAL_REFERENCE,,HIGH,P1,MISSING,,USDA,"USDA FoodData Central — Peaches, yellow, raw",https://fdc.nal.usda.gov/food-details/325430/nutrients,,,لكل 100غ,100,42.0,0.91,10.1,0.27,1.5,8.39,13.0,FULL,HIGH,,325430,"Peaches, yellow, raw",,,1.32,,,,,
QGAP-00129,READY_FULL,,مشمش,Apricot,,,,GENERIC,أطعمة عامة,فواكه,,,KSA,GLOBAL_REFERENCE,,HIGH,P1,MISSING,,USDA,"USDA FoodData Central — Apricots, raw",https://fdc.nal.usda.gov/food-details/171697/nutrients,,,لكل 100غ,100,48.0,1.4,11.12,0.39,2.0,9.24,1.0,FULL,HIGH,,171697,"Apricots, raw",,,1.36,,,,,
QGAP-00130,READY_FULL,,برقوق,Plum,,,,GENERIC,أطعمة عامة,فواكه,,,KSA,GLOBAL_REFERENCE,,HIGH,P1,MISSING,,USDA,"USDA FoodData Central — Plums, raw",https://fdc.nal.usda.gov/food-details/169949/nutrients,,,لكل 100غ,100,46.0,0.7,11.42,0.28,1.4,9.92,0.0,FULL,HIGH,,169949,"Plums, raw",,,1.36,,,,,
QGAP-00131,READY_FULL,,كرز,Cherry,,,,GENERIC,أطعمة عامة,فواكه,,,KSA,GLOBAL_REFERENCE,,HIGH,P1,MISSING,,USDA,"USDA FoodData Central — Cherries, sweet, raw",https://fdc.nal.usda.gov/food-details/171719/nutrients,,,لكل 100غ,100,63.0,1.06,16.01,0.2,2.1,12.82,0.0,FULL,HIGH,,171719,"Cherries, sweet, raw",,,1.32,,,,,
QGAP-00132,READY_FULL,,توت أزرق,Blueberry,,,,GENERIC,أطعمة عامة,فواكه,,,KSA,GLOBAL_REFERENCE,,HIGH,P1,MISSING,,USDA,"USDA FoodData Central — Blueberries, raw",https://fdc.nal.usda.gov/food-details/171711/nutrients,,,لكل 100غ,100,57.0,0.74,14.49,0.33,2.4,9.96,1.0,FULL,HIGH,,171711,"Blueberries, raw",,,1.36,,,,,
QGAP-00133,READY_FULL,,توت أحمر,Raspberry,,,,GENERIC,أطعمة عامة,فواكه,,,KSA,GLOBAL_REFERENCE,,HIGH,P1,MISSING,,USDA,"USDA FoodData Central — Raspberries, raw",https://fdc.nal.usda.gov/food-details/167755/nutrients,,,لكل 100غ,100,52.0,1.2,11.94,0.65,6.5,4.42,1.0,FULL,HIGH,,167755,"Raspberries, raw",,,1.36,,,,,
QGAP-00134,READY_FULL,,توت أسود,Blackberry,,,,GENERIC,أطعمة عامة,فواكه,,,KSA,GLOBAL_REFERENCE,,HIGH,P1,MISSING,,USDA,"USDA FoodData Central — Blackberries, raw",https://fdc.nal.usda.gov/food-details/173946/nutrients,,,لكل 100غ,100,43.0,1.39,9.61,0.49,5.3,4.88,1.0,FULL,HIGH,,173946,"Blackberries, raw",,,1.36,,,,,
QGAP-00137,READY_FULL,,جريب فروت,Grapefruit,,,,GENERIC,أطعمة عامة,فواكه,,,KSA,GLOBAL_REFERENCE,,HIGH,P1,MISSING,,USDA,"USDA FoodData Central — Grapefruit, raw, white, Florida",https://fdc.nal.usda.gov/food-details/173034/nutrients,,,لكل 100غ,100,32.0,0.63,8.19,0.1,,,0.0,FULL,HIGH,,173034,"Grapefruit, raw, white, Florida",,,1.28,,,,,
QGAP-00139,READY_FULL,,جوافة,Guava,,,,GENERIC,أطعمة عامة,فواكه,,,KSA,GLOBAL_REFERENCE,,HIGH,P1,MISSING,,USDA,"USDA FoodData Central — Guavas, common, raw",https://fdc.nal.usda.gov/food-details/173044/nutrients,,,لكل 100غ,100,68.0,2.55,14.32,0.95,5.4,8.92,2.0,FULL,HIGH,,173044,"Guavas, common, raw",,,1.32,,,,,
QGAP-00140,READY_FULL,,باباي,Papaya,,,,GENERIC,أطعمة عامة,فواكه,,,KSA,GLOBAL_REFERENCE,,HIGH,P1,MISSING,,USDA,"USDA FoodData Central — Papayas, raw",https://fdc.nal.usda.gov/food-details/169926/nutrients,,,لكل 100غ,100,43.0,0.47,10.82,0.26,1.7,7.82,8.0,FULL,HIGH,,169926,"Papayas, raw",,,1.36,,,,,
QGAP-00146,READY_FULL,,زبيب,Raisins,,,,GENERIC,أطعمة عامة,فواكه,,,KSA,GLOBAL_REFERENCE,,HIGH,P1,MISSING,,USDA,"USDA FoodData Central — Raisins, seeded",https://fdc.nal.usda.gov/food-details/168166/nutrients,,,لكل 100غ,100,296.0,2.52,78.47,0.54,6.8,,28.0,FULL,HIGH,,168166,"Raisins, seeded",,,1.26,,,,,
QGAP-00148,READY_FULL,,تين مجفف,Dried figs,,,,GENERIC,أطعمة عامة,فواكه,,,KSA,GLOBAL_REFERENCE,,HIGH,P1,MISSING,,USDA,"USDA FoodData Central — Figs, dried, uncooked",https://fdc.nal.usda.gov/food-details/326905/nutrients,,,لكل 100غ,100,249.0,3.3,63.9,0.92,9.8,47.9,10.0,FULL,HIGH,,326905,"Figs, dried, uncooked",,,1.46,,,,,
QGAP-00152,READY_FULL,,تمر مجدول,Medjool dates,,,,GENERIC,أطعمة عامة,فواكه,,,KSA,GLOBAL_REFERENCE,,HIGH,P1,MISSING,,USDA,"USDA FoodData Central — Dates, medjool",https://fdc.nal.usda.gov/food-details/168191/nutrients,,,لكل 100غ,100,277.0,1.81,74.97,0.15,6.7,66.47,1.0,FULL,HIGH,,168191,"Dates, medjool",,,1.3,,,,,
QGAP-00168,READY_FULL,,شعير مطبوخ,Cooked barley,,,,GENERIC,أطعمة عامة,حبوب وخبز,,,KSA,GLOBAL_REFERENCE,,HIGH,P1,MISSING,,USDA,"USDA FoodData Central — Barley, pearled, cooked",https://fdc.nal.usda.gov/food-details/170285/nutrients,,,لكل 100غ,100,123.0,2.26,28.22,0.44,3.8,0.28,3.0,FULL,HIGH,,170285,"Barley, pearled, cooked",,,1.62,,,,,
QGAP-00169,READY_FULL,,قمح مسلوق,Boiled wheat,,,,GENERIC,أطعمة عامة,حبوب وخبز,,,KSA,GLOBAL_REFERENCE,,HIGH,P1,MISSING,,USDA,"USDA FoodData Central — Wheat, durum",https://fdc.nal.usda.gov/food-details/169721/nutrients,,,لكل 100غ,100,339.0,13.68,71.13,2.47,,,2.0,FULL,HIGH,,169721,"Wheat, durum",,,1.26,,,,,
QGAP-00170,READY_FULL,,سميد,Semolina,,,,GENERIC,أطعمة عامة,حبوب وخبز,,,KSA,GLOBAL_REFERENCE,,HIGH,P1,MISSING,,USDA,"USDA FoodData Central — Semolina, unenriched",https://fdc.nal.usda.gov/food-details/168933/nutrients,,,لكل 100غ,100,360.0,12.68,72.83,1.05,3.9,,1.0,FULL,HIGH,,168933,"Semolina, unenriched",,,1.26,,,,,
QGAP-00172,READY_FULL,,دقيق بر (كامل),Whole wheat flour,,,,GENERIC,أطعمة عامة,حبوب وخبز,,,KSA,GLOBAL_REFERENCE,,HIGH,P1,MISSING,,USDA,"USDA FoodData Central — Flour, whole wheat, unenriched",https://fdc.nal.usda.gov/food-details/790085/nutrients,,,لكل 100غ,100,370.0,15.1,71.2,2.73,10.6,,3.0,FULL,HIGH,,790085,"Flour, whole wheat, unenriched",,,1.26,,,,,
QGAP-00175,READY_FULL,,نودلز بيض,Egg noodles,,,,GENERIC,أطعمة عامة,حبوب وخبز,,,KSA,GLOBAL_REFERENCE,,HIGH,P1,MISSING,,USDA,"USDA FoodData Central — Noodles, egg, dry, enriched",https://fdc.nal.usda.gov/food-details/169731/nutrients,,,لكل 100غ,100,384.0,14.16,71.27,4.44,3.3,1.88,21.0,FULL,HIGH,,169731,"Noodles, egg, dry, enriched",,,1.22,,,,,
QGAP-00176,READY_FULL,,معكرونة قمح كامل,Whole wheat pasta,,,,GENERIC,أطعمة عامة,حبوب وخبز,,,KSA,GLOBAL_REFERENCE,,HIGH,P1,MISSING,,USDA,"USDA FoodData Central — Pasta, whole grain, 51% whole wheat, remaining unenriched semolina, dry",https://fdc.nal.usda.gov/food-details/168915/nutrients,,,لكل 100غ,100,362.0,13.51,73.1,2.68,10.1,2.6,11.0,FULL,HIGH,,168915,"Pasta, whole grain, 51% whole wheat, remaining unenriched semolina, dry",,,1.1,,,,,
QGAP-00177,READY_FULL,,معكرونة خالية من الجلوتين,Gluten-free pasta,,,,GENERIC,أطعمة عامة,حبوب وخبز,,,KSA,GLOBAL_REFERENCE,,HIGH,P1,MISSING,,USDA,"USDA FoodData Central — Pasta, gluten-free, corn, dry",https://fdc.nal.usda.gov/food-details/168899/nutrients,,,لكل 100غ,100,357.0,7.46,79.26,2.08,11.0,,3.0,FULL,HIGH,,168899,"Pasta, gluten-free, corn, dry",,,1.22,,,,,
QGAP-00179,READY_FULL,,كسكس مطبوخ,Cooked couscous,,,,GENERIC,أطعمة عامة,حبوب وخبز,,,KSA,GLOBAL_REFERENCE,,HIGH,P1,MISSING,,USDA,"USDA FoodData Central — Couscous, cooked",https://fdc.nal.usda.gov/food-details/169700/nutrients,,,لكل 100غ,100,112.0,3.79,23.22,0.16,1.4,0.1,5.0,FULL,HIGH,,169700,"Couscous, cooked",,,1.66,,,,,
QGAP-00190,READY_FULL,فارق أتواتر معتاد في مصدر مقيس (ألياف/أحماض/أملاح) — القيم كما قاستها USDA,نخالة الشوفان,Oat bran,,,,GENERIC,أطعمة عامة,حبوب وخبز,,,KSA,GLOBAL_REFERENCE,,HIGH,P1,MISSING,,USDA,"USDA FoodData Central — Oat bran, raw",https://fdc.nal.usda.gov/food-details/168872/nutrients,,,لكل 100غ,100,246.0,17.3,66.22,7.03,15.4,1.45,4.0,FULL,HIGH,ATWATER_DIVERGES,168872,"Oat bran, raw",,,1.36,,,,,
QGAP-00202,READY_FULL,,بازلاء مجففة,Split peas,,,,GENERIC,أطعمة عامة,بقوليات ومكسرات,,,KSA,GLOBAL_REFERENCE,,HIGH,P1,MISSING,,USDA,"USDA FoodData Central — Peas, green, split, mature seeds, raw",https://fdc.nal.usda.gov/food-details/172428/nutrients,,,لكل 100غ,100,364.0,23.12,61.63,3.89,22.2,3.14,5.0,FULL,HIGH,,172428,"Peas, green, split, mature seeds, raw",,,1.24,,,,,
QGAP-00204,READY_FULL,,فول صويا,Soybeans,,,,GENERIC,أطعمة عامة,بقوليات ومكسرات,,,KSA,GLOBAL_REFERENCE,,HIGH,P1,MISSING,,USDA,"USDA FoodData Central — Soybeans, green, raw",https://fdc.nal.usda.gov/food-details/169282/nutrients,,,لكل 100غ,100,147.0,12.95,11.05,6.8,4.2,,15.0,FULL,HIGH,,169282,"Soybeans, green, raw",,,1.32,,,,,
QGAP-00206,READY_FULL,,بندق,Hazelnuts,,,,GENERIC,أطعمة عامة,بقوليات ومكسرات,,,KSA,GLOBAL_REFERENCE,,HIGH,P1,MISSING,,USDA,"USDA FoodData Central — Hazelnuts, beaked (Northern Plains Indians)",https://fdc.nal.usda.gov/food-details/169827/nutrients,,,لكل 100غ,100,628.0,14.89,22.98,52.99,9.8,,2.0,FULL,HIGH,,169827,"Hazelnuts, beaked (Northern Plains Indians)",,,1.14,,,,,
QGAP-00208,READY_FULL,,مكاديميا,Macadamia,,,,GENERIC,أطعمة عامة,بقوليات ومكسرات,,,KSA,GLOBAL_REFERENCE,,HIGH,P1,MISSING,,USDA,"USDA FoodData Central — Nuts, macadamia nuts, raw",https://fdc.nal.usda.gov/food-details/170178/nutrients,,,لكل 100غ,100,718.0,7.91,13.82,75.77,8.6,4.57,5.0,FULL,HIGH,,170178,"Nuts, macadamia nuts, raw",,,1.02,,,,,
QGAP-00211,READY_FULL,,بذور دوار الشمس (لب),Sunflower seeds,,,,GENERIC,أطعمة عامة,بقوليات ومكسرات,,,KSA,GLOBAL_REFERENCE,,HIGH,P1,MISSING,,USDA,"USDA FoodData Central — Seeds, sunflower seed butter, without salt",https://fdc.nal.usda.gov/food-details/170155/nutrients,,,لكل 100غ,100,617.0,17.28,23.32,55.2,5.7,10.54,3.0,FULL,HIGH,,170155,"Seeds, sunflower seed butter, without salt",,,1.22,,,,,
QGAP-00212,READY_FULL,,سمسم,Sesame seeds,,,,GENERIC,أطعمة عامة,بقوليات ومكسرات,,,KSA,GLOBAL_REFERENCE,,HIGH,P1,MISSING,,USDA,"USDA FoodData Central — Seeds, sesame butter, paste",https://fdc.nal.usda.gov/food-details/170191/nutrients,,,لكل 100غ,100,586.0,18.08,24.05,50.87,5.5,,12.0,FULL,HIGH,,170191,"Seeds, sesame butter, paste",,,1.22,,,,,
QGAP-00220,READY_FULL,,زيت دوار الشمس,Sunflower oil,,,,GENERIC,أطعمة عامة,دهون وصلصات,,,KSA,GLOBAL_REFERENCE,,HIGH,P1,MISSING,,USDA,"USDA FoodData Central — Oil, sunflower, linoleic, (approx. 65%)",https://fdc.nal.usda.gov/food-details/171025/nutrients,,,لكل 100غ,100,884.0,0.0,0.0,100.0,0.0,0.0,0.0,FULL,HIGH,,171025,"Oil, sunflower, linoleic, (approx. 65%)",,,1.22,,,,,
QGAP-00221,READY_FULL,,زيت الذرة,Corn oil,,,,GENERIC,أطعمة عامة,دهون وصلصات,,,KSA,GLOBAL_REFERENCE,,HIGH,P1,MISSING,,USDA,"USDA FoodData Central — Oil, corn and canola",https://fdc.nal.usda.gov/food-details/169867/nutrients,,,لكل 100غ,100,884.0,0.0,0.0,100.0,0.0,0.0,0.0,FULL,HIGH,,169867,"Oil, corn and canola",,,1.26,,,,,
QGAP-00222,READY_FULL,,زيت الكانولا,Canola oil,,,,GENERIC,أطعمة عامة,دهون وصلصات,,,KSA,GLOBAL_REFERENCE,,HIGH,P1,MISSING,,USDA,"USDA FoodData Central — Oil, canola",https://fdc.nal.usda.gov/food-details/172336/nutrients,,,لكل 100غ,100,884.0,0.0,0.0,100.0,0.0,0.0,0.0,FULL,HIGH,,172336,"Oil, canola",,,1.3,,,,,
QGAP-00223,READY_FULL,,زيت السمسم,Sesame oil,,,,GENERIC,أطعمة عامة,دهون وصلصات,,,KSA,GLOBAL_REFERENCE,,HIGH,P1,MISSING,,USDA,"USDA FoodData Central — Oil, sesame, salad or cooking",https://fdc.nal.usda.gov/food-details/171016/nutrients,,,لكل 100غ,100,884.0,0.0,0.0,100.0,0.0,0.0,0.0,FULL,HIGH,,171016,"Oil, sesame, salad or cooking",,,1.22,,,,,
QGAP-00227,READY_FULL,,مارجرين,Margarine,,,,GENERIC,أطعمة عامة,دهون وصلصات,,,KSA,GLOBAL_REFERENCE,,HIGH,P1,MISSING,,USDA,"USDA FoodData Central — Margarine,spread, 35-39% fat, tub",https://fdc.nal.usda.gov/food-details/171415/nutrients,,,لكل 100غ,100,349.0,0.23,1.52,37.98,0.0,0.0,584.0,FULL,HIGH,,171415,"Margarine,spread, 35-39% fat, tub",,,1.18,,,,,
QGAP-00229,READY_FULL,,كريمة خفق,Whipping cream,,,,GENERIC,أطعمة عامة,دهون وصلصات,,,KSA,GLOBAL_REFERENCE,,HIGH,P1,MISSING,,USDA,"USDA FoodData Central — Cream, fluid, light whipping",https://fdc.nal.usda.gov/food-details/170858/nutrients,,,لكل 100غ,100,292.0,2.17,2.96,30.91,0.0,2.96,34.0,FULL,HIGH,,170858,"Cream, fluid, light whipping",,,1.22,,,,,
QGAP-00230,READY_FULL,,مايونيز,Mayonnaise,,,,GENERIC,أطعمة عامة,دهون وصلصات,,,KSA,GLOBAL_REFERENCE,,HIGH,P1,MISSING,,USDA,"USDA FoodData Central — Mayonnaise, made with tofu",https://fdc.nal.usda.gov/food-details/167695/nutrients,,,لكل 100غ,100,322.0,5.95,3.06,31.79,1.1,0.85,773.0,FULL,HIGH,,167695,"Mayonnaise, made with tofu",,,1.22,,,,,
QGAP-00233,READY_FULL,,مسطردة,Mustard,,,,GENERIC,أطعمة عامة,دهون وصلصات,,,KSA,GLOBAL_REFERENCE,,HIGH,P1,MISSING,,USDA,"USDA FoodData Central — Mustard greens, raw",https://fdc.nal.usda.gov/food-details/169256/nutrients,,,لكل 100غ,100,27.0,2.86,4.67,0.42,3.2,1.32,20.0,FULL,HIGH,,169256,"Mustard greens, raw",,,1.32,,,,,
QGAP-00236,READY_FULL,,صلصة الرانش,Ranch dressing,,,,GENERIC,أطعمة عامة,دهون وصلصات,,,KSA,GLOBAL_REFERENCE,,HIGH,P1,MISSING,,USDA,"USDA FoodData Central — Salad dressing, ranch dressing, regular",https://fdc.nal.usda.gov/food-details/173592/nutrients,,,لكل 100غ,100,430.0,1.32,5.9,44.54,0.0,4.69,901.0,FULL,HIGH,,173592,"Salad dressing, ranch dressing, regular",,,1.22,,,,,
QGAP-00237,READY_FULL,,صلصة سيزر,Caesar dressing,,,,GENERIC,أطعمة عامة,دهون وصلصات,,,KSA,GLOBAL_REFERENCE,,HIGH,P1,MISSING,,USDA,"USDA FoodData Central — Salad dressing, caesar dressing, regular",https://fdc.nal.usda.gov/food-details/169055/nutrients,,,لكل 100غ,100,542.0,2.17,3.3,57.85,0.5,2.81,1209.0,FULL,HIGH,,169055,"Salad dressing, caesar dressing, regular",,,1.22,,,,,
QGAP-00238,READY_FULL,,صلصة الصويا,Soy sauce,,,,GENERIC,أطعمة عامة,دهون وصلصات,,,KSA,GLOBAL_REFERENCE,,HIGH,P1,MISSING,,USDA,USDA FoodData Central — Soy sauce made from soy (tamari),https://fdc.nal.usda.gov/food-details/174278/nutrients,,,لكل 100غ,100,60.0,10.51,5.57,0.1,0.8,1.7,5586.0,FULL,HIGH,,174278,Soy sauce made from soy (tamari),,,1.18,,,,,
QGAP-00239,READY_FULL,,صلصة الشطة (هوت صوص),Hot sauce,,,,GENERIC,أطعمة عامة,دهون وصلصات,,,KSA,GLOBAL_REFERENCE,,HIGH,P1,MISSING,,USDA,"USDA FoodData Central — Sauce, hot chile, sriracha",https://fdc.nal.usda.gov/food-details/171186/nutrients,,,لكل 100غ,100,93.0,1.93,19.16,0.93,2.2,15.11,2124.0,FULL,HIGH,,171186,"Sauce, hot chile, sriracha",,,1.22,,,,,
QGAP-00249,READY_FULL,,شراب القيقب,Maple syrup,,,,GENERIC,أطعمة عامة,دهون وصلصات,,,KSA,GLOBAL_REFERENCE,,HIGH,P1,MISSING,,USDA,"USDA FoodData Central — Syrups, maple",https://fdc.nal.usda.gov/food-details/169661/nutrients,,,لكل 100غ,100,260.0,0.04,67.04,0.06,0.0,60.46,12.0,FULL,HIGH,,169661,"Syrups, maple",,,1.3,,,,,
QGAP-00251,READY_FULL,,صلصة الجبن,Cheese sauce,,,,GENERIC,أطعمة عامة,دهون وصلصات,,,KSA,GLOBAL_REFERENCE,,HIGH,P1,MISSING,,USDA,"USDA FoodData Central — Sauce, cheese, ready-to-serve",https://fdc.nal.usda.gov/food-details/171191/nutrients,,,لكل 100غ,100,174.0,6.71,6.83,13.29,0.5,0.42,828.0,FULL,HIGH,,171191,"Sauce, cheese, ready-to-serve",,,1.22,,,,,
QGAP-00256,READY_FULL,,حليب صويا,Soy milk,,,,GENERIC,أطعمة عامة,ألبان,,,KSA,GLOBAL_REFERENCE,,HIGH,P1,MISSING,,USDA,"USDA FoodData Central — Milk, imitation, non-soy",https://fdc.nal.usda.gov/food-details/167730/nutrients,,,لكل 100غ,100,46.0,1.6,5.3,2.0,0.0,5.3,55.0,FULL,HIGH,,167730,"Milk, imitation, non-soy",,,1.22,,,,,
QGAP-00260,READY_FULL,,حليب مبخر,Evaporated milk,,,,GENERIC,أطعمة عامة,ألبان,,,KSA,GLOBAL_REFERENCE,,HIGH,P1,MISSING,,USDA,"USDA FoodData Central — Milk, evaporated, 2% fat, with added vitamin A and vitamin D",https://fdc.nal.usda.gov/food-details/171302/nutrients,,,لكل 100غ,100,107.0,6.67,15.74,2.0,0.0,6.67,100.0,FULL,HIGH,,171302,"Milk, evaporated, 2% fat, with added vitamin A and vitamin D",,,1.18,,,,,
QGAP-00261,READY_FULL,,جبن موزاريلا,Mozzarella cheese,,,,GENERIC,أطعمة عامة,ألبان,,,KSA,GLOBAL_REFERENCE,,HIGH,P1,MISSING,,USDA,"USDA FoodData Central — Cheese, mozzarella, nonfat",https://fdc.nal.usda.gov/food-details/169051/nutrients,,,لكل 100غ,100,141.0,31.7,3.5,0.0,1.8,1.48,743.0,FULL,HIGH,,169051,"Cheese, mozzarella, nonfat",,,1.26,,,,,
QGAP-00262,READY_FULL,,جبن بارميزان,Parmesan cheese,,,,GENERIC,أطعمة عامة,ألبان,,,KSA,GLOBAL_REFERENCE,,HIGH,P1,MISSING,,USDA,"USDA FoodData Central — Cheese, parmesan, grated",https://fdc.nal.usda.gov/food-details/325036/nutrients,,,لكل 100غ,100,421.0,29.6,12.4,28.0,,0.07,1750.0,FULL,HIGH,,325036,"Cheese, parmesan, grated",,,1.26,,,,,
QGAP-00263,READY_FULL,,جبن سويسري,Swiss cheese,,,,GENERIC,أطعمة عامة,ألبان,,,KSA,GLOBAL_REFERENCE,,HIGH,P1,MISSING,,USDA,"USDA FoodData Central — Cheese, swiss",https://fdc.nal.usda.gov/food-details/326135/nutrients,,,لكل 100غ,100,393.0,27.0,1.44,31.0,,0.0,185.0,FULL,HIGH,,326135,"Cheese, swiss",,,1.3,,,,,
QGAP-00270,READY_FULL,,زبادي بالفواكه,Fruit yogurt,,,,GENERIC,أطعمة عامة,ألبان,,,KSA,GLOBAL_REFERENCE,,HIGH,P1,MISSING,,USDA,"USDA FoodData Central — Yogurt, fruit variety, nonfat",https://fdc.nal.usda.gov/food-details/169898/nutrients,,,لكل 100غ,100,95.0,4.4,19.0,0.2,0.0,19.0,58.0,FULL,HIGH,,169898,"Yogurt, fruit variety, nonfat",,,1.22,,,,,
QGAP-00271,READY_FULL,,زبادي خالي الدسم,Non-fat yogurt,,,,GENERIC,أطعمة عامة,ألبان,,,KSA,GLOBAL_REFERENCE,,HIGH,P1,MISSING,,USDA,"USDA FoodData Central — Yogurt, vanilla, non-fat",https://fdc.nal.usda.gov/food-details/170906/nutrients,,,لكل 100غ,100,78.0,2.94,17.04,0.0,0.0,5.88,47.0,FULL,HIGH,,170906,"Yogurt, vanilla, non-fat",,,1.26,,,,,
QGAP-00274,READY_FULL,,أيس كريم فانيلا,Vanilla ice cream,,,,GENERIC,أطعمة عامة,ألبان,,,KSA,GLOBAL_REFERENCE,,HIGH,P1,MISSING,,USDA,"USDA FoodData Central — Ice creams, vanilla",https://fdc.nal.usda.gov/food-details/167575/nutrients,,,لكل 100غ,100,207.0,3.5,23.6,11.0,0.7,21.22,80.0,FULL,HIGH,,167575,"Ice creams, vanilla",,,1.3,,,,,
QGAP-00275,READY_FULL,,أيس كريم شوكولاتة,Chocolate ice cream,,,,GENERIC,أطعمة عامة,ألبان,,,KSA,GLOBAL_REFERENCE,,HIGH,P1,MISSING,,USDA,"USDA FoodData Central — Ice creams, chocolate",https://fdc.nal.usda.gov/food-details/168809/nutrients,,,لكل 100غ,100,216.0,3.8,28.2,11.0,1.2,25.36,76.0,FULL,HIGH,,168809,"Ice creams, chocolate",,,1.3,,,,,
QGAP-00278,READY_FULL,,لبن الماعز,Goat milk,,,,GENERIC,أطعمة عامة,ألبان,,,KSA,GLOBAL_REFERENCE,,HIGH,P1,MISSING,,USDA,"USDA FoodData Central — Milk, goat, fluid, with added vitamin D",https://fdc.nal.usda.gov/food-details/171278/nutrients,,,لكل 100غ,100,69.0,3.56,4.45,4.14,0.0,4.45,50.0,FULL,HIGH,,171278,"Milk, goat, fluid, with added vitamin D",,,1.18,,,,,
QGAP-00285,READY_FULL,,قرفة,Cinnamon,,,,GENERIC,أطعمة عامة,توابل ومحليات,,,KSA,GLOBAL_REFERENCE,,MEDIUM,P2,MISSING,,USDA,"USDA FoodData Central — Cinnamon buns, frosted (includes honey buns)",https://fdc.nal.usda.gov/food-details/167940/nutrients,,,لكل 100غ,100,452.0,4.45,48.6,26.61,1.2,25.7,305.0,FULL,HIGH,,167940,"Cinnamon buns, frosted (includes honey buns)",,,1.14,,,,,
QGAP-00297,READY_FULL,,ملح,Salt,,,,GENERIC,أطعمة عامة,توابل ومحليات,,,KSA,GLOBAL_REFERENCE,,MEDIUM,P2,MISSING,,USDA,"USDA FoodData Central — Salt, table",https://fdc.nal.usda.gov/food-details/173468/nutrients,,,لكل 100غ,100,0.0,0.0,0.0,0.0,0.0,0.0,38758.0,FULL,HIGH,,173468,"Salt, table",,,1.26,,,,,
QGAP-00300,READY_FULL,,سكر بني,Brown sugar,,,,GENERIC,أطعمة عامة,توابل ومحليات,,,KSA,GLOBAL_REFERENCE,,MEDIUM,P2,MISSING,,USDA,"USDA FoodData Central — Sugars, brown",https://fdc.nal.usda.gov/food-details/168833/nutrients,,,لكل 100غ,100,380.0,0.12,98.09,0.0,0.0,97.02,28.0,FULL,HIGH,,168833,"Sugars, brown",,,1.3,,,,,
QGAP-00917,READY_FULL,,المراعي حليب طويل الأجل كامل الدسم,Almarai UHT full-fat milk,المراعي,Almarai,Almarai,PACKAGED,ألبان,حليب,UHT full-fat milk,,KSA,KSA,YES,VERY_HIGH,P0,MISSING,,OPENFOODFACTS_VERIFIED,Open Food Facts — Almarai milk full fat,https://world.openfoodfacts.org/product/6281007032261,6281007032261,1L,1 serving (250 ml),100,62.0,3.04,5.12,3.28,,5.08,50.0,FULL,MEDIUM,,,,Almarai milk full fat,حليب مراعي كامل الدسم,1.019,,,المراعي,Almarai,تغطية OpenFoodFacts للسوق السعودي ضحلة (١٦٤٩٢ منتجًا إجماليًا، وعمق كل علامة عشرات مقابل مئات فعلية) — تُستخدم للتقاطع بالباركود لا كمصدر أول. المصدر المفضّل: كتالوج المصنّع أو كتالوج التجزئة السعودي.
QGAP-00924,READY_FULL,,المراعي حليب موز,Almarai banana milk,المراعي,Almarai,Almarai,PACKAGED,ألبان,حليب,banana milk,,KSA,KSA,YES,VERY_HIGH,P0,MISSING,,OPENFOODFACTS_VERIFIED,Open Food Facts — Al marai Banana Milk,https://world.openfoodfacts.org/product/6281007038980,6281007038980,150ml,150 ml,100,72.0,3.4,11.33,1.33,0.0,11.33,52.0,FULL,MEDIUM,,,,Al marai Banana Milk,,0.934,,,المراعي,Almarai,تغطية OpenFoodFacts للسوق السعودي ضحلة (١٦٤٩٢ منتجًا إجماليًا، وعمق كل علامة عشرات مقابل مئات فعلية) — تُستخدم للتقاطع بالباركود لا كمصدر أول. المصدر المفضّل: كتالوج المصنّع أو كتالوج التجزئة السعودي.
QGAP-00925,READY_FULL,,المراعي حليب مبخر,Almarai evaporated milk,المراعي,Almarai,Almarai,PACKAGED,ألبان,حليب,evaporated milk,,KSA,KSA,YES,VERY_HIGH,P0,MISSING,,OPENFOODFACTS_VERIFIED,Open Food Facts — Evaporated milk,https://world.openfoodfacts.org/product/6281007035187,6281007035187,170 g,لكل 100غ,100,150.0,6.67,10.0,10.0,0.0,10.0,0.11,FULL,MEDIUM,,,,Evaporated milk,,1.158,,,المراعي,Almarai,تغطية OpenFoodFacts للسوق السعودي ضحلة (١٦٤٩٢ منتجًا إجماليًا، وعمق كل علامة عشرات مقابل مئات فعلية) — تُستخدم للتقاطع بالباركود لا كمصدر أول. المصدر المفضّل: كتالوج المصنّع أو كتالوج التجزئة السعودي.
QGAP-00930,READY_FULL,,المراعي زبادي قليل الدسم,Almarai low-fat yogurt,المراعي,Almarai,Almarai,PACKAGED,ألبان,زبادي ولبن,low-fat yogurt,,KSA,KSA,YES,VERY_HIGH,P0,MISSING,,OPENFOODFACTS_VERIFIED,Open Food Facts — Fresh Yogurt Low Fat,https://world.openfoodfacts.org/product/6281007024020,6281007024020,,1 serving (170 g),100,57.65,4.76,6.41,1.12,0.06,6.41,70.0,FULL,MEDIUM,,,,Fresh Yogurt Low Fat,,0.945,,,المراعي,Almarai,تغطية OpenFoodFacts للسوق السعودي ضحلة (١٦٤٩٢ منتجًا إجماليًا، وعمق كل علامة عشرات مقابل مئات فعلية) — تُستخدم للتقاطع بالباركود لا كمصدر أول. المصدر المفضّل: كتالوج المصنّع أو كتالوج التجزئة السعودي.
QGAP-00934,READY_FULL,,المراعي لبن زبادي كامل الدسم,Almarai full-fat laban,المراعي,Almarai,Almarai,PACKAGED,ألبان,زبادي ولبن,full-fat laban,,KSA,KSA,YES,VERY_HIGH,P0,MISSING,,OPENFOODFACTS_VERIFIED,Open Food Facts — Almarai fresh laban full fat,https://world.openfoodfacts.org/product/6281007023122,6281007023122,180,180 g,100,62.22,3.16,4.61,3.44,,4.61,53.89,FULL,MEDIUM,,,,Almarai fresh laban full fat,لبن المراعي صغير,0.966,,,المراعي,Almarai,تغطية OpenFoodFacts للسوق السعودي ضحلة (١٦٤٩٢ منتجًا إجماليًا، وعمق كل علامة عشرات مقابل مئات فعلية) — تُستخدم للتقاطع بالباركود لا كمصدر أول. المصدر المفضّل: كتالوج المصنّع أو كتالوج التجزئة السعودي.
QGAP-00945,READY_FULL,,المراعي قشطة طبخ,Almarai cooking cream,المراعي,Almarai,Almarai,PACKAGED,ألبان,أجبان وقشطة,cooking cream,,KSA,KSA,YES,VERY_HIGH,P0,MISSING,,OPENFOODFACTS_VERIFIED,Open Food Facts — cooking cream,https://world.openfoodfacts.org/product/6281007031202,6281007031202,500ml,30 ml,100,263.33,3.0,3.67,26.67,,0.69,60.0,FULL,MEDIUM,,,,cooking cream,,1.167,,,المراعي,Almarai,تغطية OpenFoodFacts للسوق السعودي ضحلة (١٦٤٩٢ منتجًا إجماليًا، وعمق كل علامة عشرات مقابل مئات فعلية) — تُستخدم للتقاطع بالباركود لا كمصدر أول. المصدر المفضّل: كتالوج المصنّع أو كتالوج التجزئة السعودي.
QGAP-01001,READY_FULL,,بوك جبن مثلثات,Puck cheese triangles,بوك,Puck,Puck,PACKAGED,ألبان,أجبان,cheese triangles,,KSA,KSA,YES,VERY_HIGH,P1,MISSING,,OPENFOODFACTS_VERIFIED,Open Food Facts — Processed Cheese Triangles,https://world.openfoodfacts.org/product/6281048106990,6281048106990,24 portions,لكل 100غ,100,270.0,8.92,3.85,24.76,,0.0,436.0,FULL,MEDIUM,,,,Processed Cheese Triangles,,0.877,,,بوك,Puck,تغطية OpenFoodFacts للسوق السعودي ضحلة (١٦٤٩٢ منتجًا إجماليًا، وعمق كل علامة عشرات مقابل مئات فعلية) — تُستخدم للتقاطع بالباركود لا كمصدر أول. المصدر المفضّل: كتالوج المصنّع أو كتالوج التجزئة السعودي.
QGAP-01006,READY_FULL,,كيري جبن قابل للدهن,Kiri spreadable cheese,كيري,Kiri,Kiri,PACKAGED,ألبان,أجبان,spreadable cheese,,KSA,KSA,YES,HIGH,P2,MISSING,,OPENFOODFACTS_VERIFIED,Open Food Facts — Spreadable Cream Cheese,https://world.openfoodfacts.org/product/3073781190960,3073781190960,,1 portion (16.66 g),100,306.12,9.6,2.4,28.81,,,,FULL,MEDIUM,,,,Spreadable Cream Cheese,,0.924,,,كيري,Kiri,تغطية OpenFoodFacts للسوق السعودي ضحلة (١٦٤٩٢ منتجًا إجماليًا، وعمق كل علامة عشرات مقابل مئات فعلية) — تُستخدم للتقاطع بالباركود لا كمصدر أول. المصدر المفضّل: كتالوج المصنّع أو كتالوج التجزئة السعودي.
QGAP-01007,READY_FULL,بيانات سوق غير سعودي — تُوسم صراحةً ولا تُقدَّم كقيم سعودية,بريزيدون جبن كممبير,President Camembert,بريزيدون,President,President,PACKAGED,ألبان,أجبان,Camembert,,NON_KSA,FOREIGN,NO,HIGH,P2,MISSING,,OPENFOODFACTS_VERIFIED,Open Food Facts — Camembert,https://world.openfoodfacts.org/product/30087040,30087040,20 g,1.0 serving (100.0 g),100,269.0,20.0,0.0,21.0,,,0.56,FULL,MEDIUM,,,,Camembert,,0.94,,,بريزيدون,President,تغطية OpenFoodFacts للسوق السعودي ضحلة (١٦٤٩٢ منتجًا إجماليًا، وعمق كل علامة عشرات مقابل مئات فعلية) — تُستخدم للتقاطع بالباركود لا كمصدر أول. المصدر المفضّل: كتالوج المصنّع أو كتالوج التجزئة السعودي.
QGAP-01014,READY_FULL,بيانات سوق غير سعودي — تُوسم صراحةً ولا تُقدَّم كقيم سعودية,لورباك زبدة غير مملحة,Lurpak unsalted butter,لورباك,Lurpak,Lurpak,PACKAGED,ألبان,زبدة,unsalted butter,,NON_KSA,FOREIGN,NO,HIGH,P2,MISSING,,OPENFOODFACTS_VERIFIED,Open Food Facts — Unsalted Butter,https://world.openfoodfacts.org/product/5740000400008,5740000400008,,لكل 100غ,100,748.0,0.6,0.72,84.0,,0.72,0.0,FULL,MEDIUM,,,,Unsalted Butter,,0.85,,,لورباك,Lurpak,تغطية OpenFoodFacts للسوق السعودي ضحلة (١٦٤٩٢ منتجًا إجماليًا، وعمق كل علامة عشرات مقابل مئات فعلية) — تُستخدم للتقاطع بالباركود لا كمصدر أول. المصدر المفضّل: كتالوج المصنّع أو كتالوج التجزئة السعودي.
QGAP-01015,READY_FULL,بيانات سوق غير سعودي — تُوسم صراحةً ولا تُقدَّم كقيم سعودية,لورباك زبدة قابلة للدهن,Lurpak spreadable butter,لورباك,Lurpak,Lurpak,PACKAGED,ألبان,زبدة,spreadable butter,,NON_KSA,FOREIGN,NO,HIGH,P2,MISSING,,OPENFOODFACTS_VERIFIED,Open Food Facts — Butter spreadable,https://world.openfoodfacts.org/product/5740900103726,5740900103726,,لكل 100غ,100,710.0,0.5,0.6,78.0,,0.6,0.0,FULL,MEDIUM,,,,Butter spreadable,,0.85,,,لورباك,Lurpak,تغطية OpenFoodFacts للسوق السعودي ضحلة (١٦٤٩٢ منتجًا إجماليًا، وعمق كل علامة عشرات مقابل مئات فعلية) — تُستخدم للتقاطع بالباركود لا كمصدر أول. المصدر المفضّل: كتالوج المصنّع أو كتالوج التجزئة السعودي.
QGAP-01031,READY_FULL,,لوزين خبز توست بر,L'usine brown toast bread,لوزين,L'usine,L'usine,PACKAGED,فطور,مخبوزات,brown toast bread,,KSA,KSA,YES,VERY_HIGH,P0,MISSING,,OPENFOODFACTS_VERIFIED,Open Food Facts — L’usine brown Bread,https://world.openfoodfacts.org/product/6281007050159,6281007050159,275g,1 portion (30 g),100,256.67,10.0,46.67,3.33,5.67,3.33,306.67,FULL,MEDIUM,,,,L’usine brown Bread,,0.959,,,لوزين,L'usine,تغطية OpenFoodFacts للسوق السعودي ضحلة (١٦٤٩٢ منتجًا إجماليًا، وعمق كل علامة عشرات مقابل مئات فعلية) — تُستخدم للتقاطع بالباركود لا كمصدر أول. المصدر المفضّل: كتالوج المصنّع أو كتالوج التجزئة السعودي.
QGAP-01032,READY_FULL,,لوزين خبز برجر,L'usine burger buns,لوزين,L'usine,L'usine,PACKAGED,فطور,مخبوزات,burger buns,,KSA,KSA,YES,VERY_HIGH,P0,MISSING,,OPENFOODFACTS_VERIFIED,Open Food Facts — BURGER BUNS BRIOCHE,https://world.openfoodfacts.org/product/6281007060226,6281007060226,,67 g,100,320.9,10.45,47.76,8.96,1.34,10.45,343.28,FULL,MEDIUM,,,,BURGER BUNS BRIOCHE,Brioche,0.935,,,لوزين,L'usine,تغطية OpenFoodFacts للسوق السعودي ضحلة (١٦٤٩٢ منتجًا إجماليًا، وعمق كل علامة عشرات مقابل مئات فعلية) — تُستخدم للتقاطع بالباركود لا كمصدر أول. المصدر المفضّل: كتالوج المصنّع أو كتالوج التجزئة السعودي.
QGAP-01036,READY_FULL,,لوزين كرواسون بالجبن,L'usine cheese croissant,لوزين,L'usine,L'usine,PACKAGED,فطور,مخبوزات,cheese croissant,,KSA,KSA,YES,VERY_HIGH,P0,MISSING,,OPENFOODFACTS_VERIFIED,Open Food Facts — Cheese croissant,https://world.openfoodfacts.org/product/6281100084044,6281100084044,60 g,1 serving (60 g),100,240.0,7.0,24.0,13.0,0.6,7.0,243.0,FULL,MEDIUM,,,,Cheese croissant,,1.159,,,لوزين,L'usine,تغطية OpenFoodFacts للسوق السعودي ضحلة (١٦٤٩٢ منتجًا إجماليًا، وعمق كل علامة عشرات مقابل مئات فعلية) — تُستخدم للتقاطع بالباركود لا كمصدر أول. المصدر المفضّل: كتالوج المصنّع أو كتالوج التجزئة السعودي.
QGAP-01054,READY_FULL,,قودي صلصة معكرونة,Goody pasta sauce,قودي,Goody,Goody,PACKAGED,أطعمة معلبة,معلبات ومربى,pasta sauce,,KSA,KSA,YES,HIGH,P1,MISSING,,OPENFOODFACTS_VERIFIED,Open Food Facts — Rosée Pasta Sauce,https://world.openfoodfacts.org/product/6281014302593,6281014302593,,لكل 100غ,100,156.0,3.1,13.7,9.3,2.3,8.0,276.0,FULL,MEDIUM,,,,Rosée Pasta Sauce,,0.877,,,قودي,Goody,تغطية OpenFoodFacts للسوق السعودي ضحلة (١٦٤٩٢ منتجًا إجماليًا، وعمق كل علامة عشرات مقابل مئات فعلية) — تُستخدم للتقاطع بالباركود لا كمصدر أول. المصدر المفضّل: كتالوج المصنّع أو كتالوج التجزئة السعودي.
QGAP-01064,READY_FULL,,حلواني إخوان مربى,Halwani Bros jam,حلواني إخوان,Halwani Bros,Halwani Bros,PACKAGED,حلويات,حلويات ومعجنات,jam,,KSA,KSA,YES,HIGH,P1,MISSING,,OPENFOODFACTS_VERIFIED,Open Food Facts — Strawberry Jam,https://world.openfoodfacts.org/product/6281041231118,6281041231118,400g,30g,100,266.67,0.0,66.67,0.0,0.0,40.0,0.0,FULL,MEDIUM,,,,Strawberry Jam,,0.911,,,حلواني إخوان,Halwani Bros,تغطية OpenFoodFacts للسوق السعودي ضحلة (١٦٤٩٢ منتجًا إجماليًا، وعمق كل علامة عشرات مقابل مئات فعلية) — تُستخدم للتقاطع بالباركود لا كمصدر أول. المصدر المفضّل: كتالوج المصنّع أو كتالوج التجزئة السعودي.
QGAP-01073,READY_FULL,بيانات سوق غير سعودي — تُوسم صراحةً ولا تُقدَّم كقيم سعودية,تيفاني بسكويت,Tiffany biscuit,تيفاني,Tiffany,Tiffany,PACKAGED,حلويات,بسكويت وويفر,biscuit,,NON_KSA,FOREIGN,NO,MEDIUM,P2,MISSING,,OPENFOODFACTS_VERIFIED,Open Food Facts — Tiffany biscuit,https://world.openfoodfacts.org/product/6291003000768,6291003000768,,لكل 100غ,100,520.0,20.0,17.0,25.0,,10.0,,FULL,MEDIUM,,,,Tiffany biscuit,,0.887,,,تيفاني,Tiffany,تغطية OpenFoodFacts للسوق السعودي ضحلة (١٦٤٩٢ منتجًا إجماليًا، وعمق كل علامة عشرات مقابل مئات فعلية) — تُستخدم للتقاطع بالباركود لا كمصدر أول. المصدر المفضّل: كتالوج المصنّع أو كتالوج التجزئة السعودي.
QGAP-01077,READY_FULL,بيانات سوق غير سعودي — تُوسم صراحةً ولا تُقدَّم كقيم سعودية,أوريو بالشوكولاتة,Oreo chocolate,أوريو,Oreo,Oreo,PACKAGED,حلويات,بسكويت,chocolate,,NON_KSA,FOREIGN,NO,HIGH,P1,MISSING,,OPENFOODFACTS_VERIFIED,Open Food Facts — Oreo chocolate,https://world.openfoodfacts.org/product/4892642101926,4892642101926,248.4g,27.6g,100,483.0,4.4,69.0,21.0,2.7,37.6,455.0,FULL,MEDIUM,,,,Oreo chocolate,,0.929,,,أوريو,Oreo,تغطية OpenFoodFacts للسوق السعودي ضحلة (١٦٤٩٢ منتجًا إجماليًا، وعمق كل علامة عشرات مقابل مئات فعلية) — تُستخدم للتقاطع بالباركود لا كمصدر أول. المصدر المفضّل: كتالوج المصنّع أو كتالوج التجزئة السعودي.
QGAP-01078,READY_FULL,بيانات سوق غير سعودي — تُوسم صراحةً ولا تُقدَّم كقيم سعودية,أوريو فانيلا,Oreo vanilla,أوريو,Oreo,Oreo,PACKAGED,حلويات,بسكويت,vanilla,,NON_KSA,FOREIGN,NO,HIGH,P1,MISSING,,OPENFOODFACTS_VERIFIED,Open Food Facts — oreo (w) vanilla 27.6g,https://world.openfoodfacts.org/product/8992760121014,8992760121014,27g,27.6 g,100,481.88,4.7,69.3,20.6,2.0,38.2,0.0,FULL,MEDIUM,,,,oreo (w) vanilla 27.6g,,0.919,,,أوريو,Oreo,تغطية OpenFoodFacts للسوق السعودي ضحلة (١٦٤٩٢ منتجًا إجماليًا، وعمق كل علامة عشرات مقابل مئات فعلية) — تُستخدم للتقاطع بالباركود لا كمصدر أول. المصدر المفضّل: كتالوج المصنّع أو كتالوج التجزئة السعودي.
QGAP-01079,READY_FULL,بيانات سوق غير سعودي — تُوسم صراحةً ولا تُقدَّم كقيم سعودية,أوريو ميني,Oreo mini,أوريو,Oreo,Oreo,PACKAGED,حلويات,بسكويت,mini,,NON_KSA,FOREIGN,NO,HIGH,P1,MISSING,,OPENFOODFACTS_VERIFIED,Open Food Facts — Mini Oreo,https://world.openfoodfacts.org/product/7622201802028,7622201802028,6 x 19 g,19g,100,473.68,5.1,68.0,20.0,3.0,37.0,292.0,FULL,MEDIUM,,,,Mini Oreo,,0.93,,,أوريو,Oreo,تغطية OpenFoodFacts للسوق السعودي ضحلة (١٦٤٩٢ منتجًا إجماليًا، وعمق كل علامة عشرات مقابل مئات فعلية) — تُستخدم للتقاطع بالباركود لا كمصدر أول. المصدر المفضّل: كتالوج المصنّع أو كتالوج التجزئة السعودي.
QGAP-01081,READY_FULL,بيانات سوق غير سعودي — تُوسم صراحةً ولا تُقدَّم كقيم سعودية,ماكفيتيز دايجستيف,McVitie's digestive,ماكفيتيز,McVitie's,McVitie's,PACKAGED,حلويات,بسكويت,digestive,,NON_KSA,FOREIGN,NO,MEDIUM,P2,MISSING,,OPENFOODFACTS_VERIFIED,Open Food Facts — Digestive,https://world.openfoodfacts.org/product/6666666682130,6666666682130,200 g,لكل 100غ,100,496.0,6.0,61.1,24.3,,26.6,300.0,FULL,MEDIUM,,,,Digestive,,0.85,,,ماكفيتيز,McVitie's,تغطية OpenFoodFacts للسوق السعودي ضحلة (١٦٤٩٢ منتجًا إجماليًا، وعمق كل علامة عشرات مقابل مئات فعلية) — تُستخدم للتقاطع بالباركود لا كمصدر أول. المصدر المفضّل: كتالوج المصنّع أو كتالوج التجزئة السعودي.
QGAP-01083,READY_FULL,بيانات سوق غير سعودي — تُوسم صراحةً ولا تُقدَّم كقيم سعودية,ماكفيتيز هوب نوبس,McVitie's hobnobs,ماكفيتيز,McVitie's,McVitie's,PACKAGED,حلويات,بسكويت,hobnobs,,NON_KSA,FOREIGN,NO,MEDIUM,P2,MISSING,,OPENFOODFACTS_VERIFIED,Open Food Facts — Hobnobs,https://world.openfoodfacts.org/product/5000168197746,5000168197746,180 g (6 x 30g),لكل 100غ,100,419.0,6.3,68.0,13.1,4.8,28.7,340.0,FULL,MEDIUM,,,,Hobnobs,,0.85,,,ماكفيتيز,McVitie's,تغطية OpenFoodFacts للسوق السعودي ضحلة (١٦٤٩٢ منتجًا إجماليًا، وعمق كل علامة عشرات مقابل مئات فعلية) — تُستخدم للتقاطع بالباركود لا كمصدر أول. المصدر المفضّل: كتالوج المصنّع أو كتالوج التجزئة السعودي.
QGAP-01090,READY_FULL,بيانات سوق غير سعودي — تُوسم صراحةً ولا تُقدَّم كقيم سعودية,لواكر كوارتيني,Loacker Quadratini,لواكر,Loacker,Loacker,PACKAGED,حلويات,ويفر,Quadratini,,NON_KSA,FOREIGN,NO,MEDIUM,P2,MISSING,,OPENFOODFACTS_VERIFIED,Open Food Facts — Quadratini,https://world.openfoodfacts.org/product/8000380205400,8000380205400,250 g,لكل 100غ,100,516.0,14.0,53.0,27.0,,22.0,164.0,FULL,MEDIUM,,,,Quadratini,,0.929,,,لواكر,Loacker,تغطية OpenFoodFacts للسوق السعودي ضحلة (١٦٤٩٢ منتجًا إجماليًا، وعمق كل علامة عشرات مقابل مئات فعلية) — تُستخدم للتقاطع بالباركود لا كمصدر أول. المصدر المفضّل: كتالوج المصنّع أو كتالوج التجزئة السعودي.
QGAP-01094,READY_FULL,بيانات سوق غير سعودي — تُوسم صراحةً ولا تُقدَّم كقيم سعودية,ليز جبن,Lay's cheese,ليز,Lay's,Lay's,PACKAGED,حلويات,شيبس,cheese,,NON_KSA,FOREIGN,NO,VERY_HIGH,P0,MISSING,,OPENFOODFACTS_VERIFIED,Open Food Facts — Lay's cheese flavor,https://world.openfoodfacts.org/product/6221031497926,6221031497926,,لكل 100غ,100,495.0,8.1,51.3,29.0,5.3,0.6,548.0,FULL,MEDIUM,,,,Lay's cheese flavor,,0.909,,,ليز,Lay's,تغطية OpenFoodFacts للسوق السعودي ضحلة (١٦٤٩٢ منتجًا إجماليًا، وعمق كل علامة عشرات مقابل مئات فعلية) — تُستخدم للتقاطع بالباركود لا كمصدر أول. المصدر المفضّل: كتالوج المصنّع أو كتالوج التجزئة السعودي.
QGAP-01097,READY_FULL,بيانات سوق غير سعودي — تُوسم صراحةً ولا تُقدَّم كقيم سعودية,ليز أوريجينال,Lay's original,ليز,Lay's,Lay's,PACKAGED,حلويات,شيبس,original,,NON_KSA,FOREIGN,NO,VERY_HIGH,P0,MISSING,,OPENFOODFACTS_VERIFIED,Open Food Facts — Lay’s Original,https://world.openfoodfacts.org/product/5601363012690,5601363012690,,لكل 100غ,100,510.0,6.3,52.8,29.3,,0.7,400.0,FULL,MEDIUM,,,,Lay’s Original,,0.909,,,ليز,Lay's,تغطية OpenFoodFacts للسوق السعودي ضحلة (١٦٤٩٢ منتجًا إجماليًا، وعمق كل علامة عشرات مقابل مئات فعلية) — تُستخدم للتقاطع بالباركود لا كمصدر أول. المصدر المفضّل: كتالوج المصنّع أو كتالوج التجزئة السعودي.
QGAP-01102,READY_FULL,,تسالي كاتشب,Tasali ketchup,تسالي,Tasali,Tasali,PACKAGED,حلويات,شيبس,ketchup,,KSA,KSA,YES,VERY_HIGH,P1,MISSING,,OPENFOODFACTS_VERIFIED,Open Food Facts — Tasali ketchup,https://world.openfoodfacts.org/product/6281036177155,6281036177155,155g,لكل 100غ,100,520.0,6.8,48.0,32.0,,2.8,496.0,FULL,MEDIUM,,,,Tasali ketchup,,1.159,,,تسالي,Tasali,تغطية OpenFoodFacts للسوق السعودي ضحلة (١٦٤٩٢ منتجًا إجماليًا، وعمق كل علامة عشرات مقابل مئات فعلية) — تُستخدم للتقاطع بالباركود لا كمصدر أول. المصدر المفضّل: كتالوج المصنّع أو كتالوج التجزئة السعودي.
QGAP-01104,READY_FULL,بيانات سوق غير سعودي — تُوسم صراحةً ولا تُقدَّم كقيم سعودية,شيتوس جبن,Cheetos cheese,شيتوس,Cheetos,Cheetos,PACKAGED,حلويات,شيبس,cheese,,NON_KSA,FOREIGN,NO,HIGH,P1,MISSING,,OPENFOODFACTS_VERIFIED,Open Food Facts — Cheetos Cheese,https://world.openfoodfacts.org/product/5900259068002,5900259068002,165gr.,30g,100,480.0,6.1,62.0,23.0,,7.5,1280.0,FULL,MEDIUM,,,,Cheetos Cheese,,0.92,,,شيتوس,Cheetos,تغطية OpenFoodFacts للسوق السعودي ضحلة (١٦٤٩٢ منتجًا إجماليًا، وعمق كل علامة عشرات مقابل مئات فعلية) — تُستخدم للتقاطع بالباركود لا كمصدر أول. المصدر المفضّل: كتالوج المصنّع أو كتالوج التجزئة السعودي.
QGAP-01105,READY_FULL,بيانات سوق غير سعودي — تُوسم صراحةً ولا تُقدَّم كقيم سعودية,شيتوس حار,Cheetos flamin hot,شيتوس,Cheetos,Cheetos,PACKAGED,حلويات,شيبس,flamin hot,,NON_KSA,FOREIGN,NO,HIGH,P1,MISSING,,OPENFOODFACTS_VERIFIED,Open Food Facts — Flamin' Hot,https://world.openfoodfacts.org/product/8410199025586,8410199025586,80g,30g,100,476.0,6.2,68.0,19.0,2.6,3.7,440.0,FULL,MEDIUM,,,,Flamin' Hot,,0.92,,,شيتوس,Cheetos,تغطية OpenFoodFacts للسوق السعودي ضحلة (١٦٤٩٢ منتجًا إجماليًا، وعمق كل علامة عشرات مقابل مئات فعلية) — تُستخدم للتقاطع بالباركود لا كمصدر أول. المصدر المفضّل: كتالوج المصنّع أو كتالوج التجزئة السعودي.
QGAP-01106,READY_FULL,بيانات سوق غير سعودي — تُوسم صراحةً ولا تُقدَّم كقيم سعودية,شيتوس كرات,Cheetos puffs,شيتوس,Cheetos,Cheetos,PACKAGED,حلويات,شيبس,puffs,,NON_KSA,FOREIGN,NO,HIGH,P1,MISSING,,OPENFOODFACTS_VERIFIED,Open Food Facts — Cheetos Puffs,https://world.openfoodfacts.org/product/0028400002561,0028400002561,7/8 oz (24.8g),"24,8 g",100,564.52,8.06,56.45,36.29,4.03,4.03,725.81,FULL,MEDIUM,,,,Cheetos Puffs,,0.919,,,شيتوس,Cheetos,تغطية OpenFoodFacts للسوق السعودي ضحلة (١٦٤٩٢ منتجًا إجماليًا، وعمق كل علامة عشرات مقابل مئات فعلية) — تُستخدم للتقاطع بالباركود لا كمصدر أول. المصدر المفضّل: كتالوج المصنّع أو كتالوج التجزئة السعودي.
QGAP-01107,READY_FULL,,شيتوس تويستد,Cheetos twisted,شيتوس,Cheetos,Cheetos,PACKAGED,حلويات,شيبس,twisted,,KSA,KSA,YES,HIGH,P1,MISSING,,OPENFOODFACTS_VERIFIED,Open Food Facts — Cheetos twisted small,https://world.openfoodfacts.org/product/6281036241504,6281036241504,,لكل 100غ,100,130.0,1.4,14.7,7.3,,0.8,92.4,FULL,MEDIUM,,,,Cheetos twisted small,,0.872,,,شيتوس,Cheetos,تغطية OpenFoodFacts للسوق السعودي ضحلة (١٦٤٩٢ منتجًا إجماليًا، وعمق كل علامة عشرات مقابل مئات فعلية) — تُستخدم للتقاطع بالباركود لا كمصدر أول. المصدر المفضّل: كتالوج المصنّع أو كتالوج التجزئة السعودي.
QGAP-01108,READY_FULL,,دوريتوس ناتشو تشيز,Doritos nacho cheese,دوريتوس,Doritos,Doritos,PACKAGED,حلويات,شيبس,nacho cheese,,KSA,KSA,YES,HIGH,P1,MISSING,,OPENFOODFACTS_VERIFIED,Open Food Facts — Doritos Nacho Cheese,https://world.openfoodfacts.org/product/6281036564108,6281036564108,48g,30g,100,513.33,8.0,60.0,27.0,5.67,2.33,0.0,FULL,MEDIUM,,,,Doritos Nacho Cheese,,1.179,,,دوريتوس,Doritos,تغطية OpenFoodFacts للسوق السعودي ضحلة (١٦٤٩٢ منتجًا إجماليًا، وعمق كل علامة عشرات مقابل مئات فعلية) — تُستخدم للتقاطع بالباركود لا كمصدر أول. المصدر المفضّل: كتالوج المصنّع أو كتالوج التجزئة السعودي.
QGAP-01109,READY_FULL,بيانات سوق غير سعودي — تُوسم صراحةً ولا تُقدَّم كقيم سعودية,دوريتوس كول رانش,Doritos cool ranch,دوريتوس,Doritos,Doritos,PACKAGED,حلويات,شيبس,cool ranch,,NON_KSA,FOREIGN,NO,HIGH,P1,MISSING,,OPENFOODFACTS_VERIFIED,Open Food Facts — Cool Ranch Flavor Doritos,https://world.openfoodfacts.org/product/0028400517775,0028400517775,250g,1 serving (100 g),100,535.71,7.14,64.29,28.57,1.0,3.57,678.57,FULL,MEDIUM,,,,Cool Ranch Flavor Doritos,,0.929,,,دوريتوس,Doritos,تغطية OpenFoodFacts للسوق السعودي ضحلة (١٦٤٩٢ منتجًا إجماليًا، وعمق كل علامة عشرات مقابل مئات فعلية) — تُستخدم للتقاطع بالباركود لا كمصدر أول. المصدر المفضّل: كتالوج المصنّع أو كتالوج التجزئة السعودي.
QGAP-01111,READY_FULL,بيانات سوق غير سعودي — تُوسم صراحةً ولا تُقدَّم كقيم سعودية,برينجلز أصلي,Pringles original,برينجلز,Pringles,Pringles,PACKAGED,حلويات,شيبس,original,,NON_KSA,FOREIGN,NO,HIGH,P1,MISSING,,OPENFOODFACTS_VERIFIED,Open Food Facts — Pringles original,https://world.openfoodfacts.org/product/8886467100352,8886467100352,110 g,لكل 100غ,100,546.0,5.2,60.0,31.6,,0.4,320.0,FULL,MEDIUM,,,,Pringles original,,0.85,,,برينجلز,Pringles,تغطية OpenFoodFacts للسوق السعودي ضحلة (١٦٤٩٢ منتجًا إجماليًا، وعمق كل علامة عشرات مقابل مئات فعلية) — تُستخدم للتقاطع بالباركود لا كمصدر أول. المصدر المفضّل: كتالوج المصنّع أو كتالوج التجزئة السعودي.
QGAP-01113,READY_FULL,بيانات سوق غير سعودي — تُوسم صراحةً ولا تُقدَّم كقيم سعودية,برينجلز حار,Pringles hot and spicy,برينجلز,Pringles,Pringles,PACKAGED,حلويات,شيبس,hot and spicy,,NON_KSA,FOREIGN,NO,HIGH,P1,MISSING,,OPENFOODFACTS_VERIFIED,Open Food Facts — Pringles hot & spicy,https://world.openfoodfacts.org/product/5053990897292,5053990897292,,لكل 100غ,100,504.0,4.4,51.0,31.0,,3.0,640.0,FULL,MEDIUM,,,,Pringles hot & spicy,,0.85,,,برينجلز,Pringles,تغطية OpenFoodFacts للسوق السعودي ضحلة (١٦٤٩٢ منتجًا إجماليًا، وعمق كل علامة عشرات مقابل مئات فعلية) — تُستخدم للتقاطع بالباركود لا كمصدر أول. المصدر المفضّل: كتالوج المصنّع أو كتالوج التجزئة السعودي.
QGAP-01114,READY_FULL,بيانات سوق غير سعودي — تُوسم صراحةً ولا تُقدَّم كقيم سعودية,برينجلز قشطة وبصل,Pringles sour cream and onion,برينجلز,Pringles,Pringles,PACKAGED,حلويات,شيبس,sour cream and onion,,NON_KSA,FOREIGN,NO,HIGH,P1,MISSING,,OPENFOODFACTS_VERIFIED,Open Food Facts — Pringles sour cream & onion,https://world.openfoodfacts.org/product/5053990107377,5053990107377,,لكل 100غ,100,509.0,3.9,52.0,32.0,,3.1,600.0,FULL,MEDIUM,,,,Pringles sour cream & onion,,0.85,,,برينجلز,Pringles,تغطية OpenFoodFacts للسوق السعودي ضحلة (١٦٤٩٢ منتجًا إجماليًا، وعمق كل علامة عشرات مقابل مئات فعلية) — تُستخدم للتقاطع بالباركود لا كمصدر أول. المصدر المفضّل: كتالوج المصنّع أو كتالوج التجزئة السعودي.
QGAP-01115,READY_FULL,بيانات سوق غير سعودي — تُوسم صراحةً ولا تُقدَّم كقيم سعودية,برينجلز باربكيو,Pringles BBQ,برينجلز,Pringles,Pringles,PACKAGED,حلويات,شيبس,BBQ,,NON_KSA,FOREIGN,NO,HIGH,P1,MISSING,,OPENFOODFACTS_VERIFIED,Open Food Facts — Pringles BBQ,https://world.openfoodfacts.org/product/0064100119352,0064100119352,68g,لكل 100غ,100,529.41,4.41,57.35,30.88,,4.41,485.29,FULL,MEDIUM,,,,Pringles BBQ,,0.85,,,برينجلز,Pringles,تغطية OpenFoodFacts للسوق السعودي ضحلة (١٦٤٩٢ منتجًا إجماليًا، وعمق كل علامة عشرات مقابل مئات فعلية) — تُستخدم للتقاطع بالباركود لا كمصدر أول. المصدر المفضّل: كتالوج المصنّع أو كتالوج التجزئة السعودي.
QGAP-01135,READY_FULL,بيانات سوق غير سعودي — تُوسم صراحةً ولا تُقدَّم كقيم سعودية,كت كات تشنكي,KitKat Chunky,كت كات,KitKat,KitKat,PACKAGED,حلويات,شوكولاتة,Chunky,,NON_KSA,FOREIGN,NO,VERY_HIGH,P0,MISSING,,OPENFOODFACTS_VERIFIED,Open Food Facts — Kitkat chunky,https://world.openfoodfacts.org/product/3800020410745,3800020410745,,لكل 100غ,100,525.0,5.9,62.3,27.7,,52.1,96.0,FULL,MEDIUM,,,,Kitkat chunky,,0.85,,,كت كات,KitKat,تغطية OpenFoodFacts للسوق السعودي ضحلة (١٦٤٩٢ منتجًا إجماليًا، وعمق كل علامة عشرات مقابل مئات فعلية) — تُستخدم للتقاطع بالباركود لا كمصدر أول. المصدر المفضّل: كتالوج المصنّع أو كتالوج التجزئة السعودي.
QGAP-01139,READY_FULL,بيانات سوق غير سعودي — تُوسم صراحةً ولا تُقدَّم كقيم سعودية,سنيكرز ميني,Snickers minis,سنيكرز,Snickers,Snickers,PACKAGED,حلويات,شوكولاتة,minis,,NON_KSA,FOREIGN,NO,VERY_HIGH,P0,MISSING,,OPENFOODFACTS_VERIFIED,Open Food Facts — Snickers Minis,https://world.openfoodfacts.org/product/50166084,50166084,18g,لكل 100غ,100,490.0,8.7,60.0,23.0,,51.0,208.0,FULL,MEDIUM,,,,Snickers Minis,,0.919,,,سنيكرز,Snickers,تغطية OpenFoodFacts للسوق السعودي ضحلة (١٦٤٩٢ منتجًا إجماليًا، وعمق كل علامة عشرات مقابل مئات فعلية) — تُستخدم للتقاطع بالباركود لا كمصدر أول. المصدر المفضّل: كتالوج المصنّع أو كتالوج التجزئة السعودي.
QGAP-01140,READY_FULL,بيانات سوق غير سعودي — تُوسم صراحةً ولا تُقدَّم كقيم سعودية,سنيكرز آيس كريم,Snickers ice cream bar,سنيكرز,Snickers,Snickers,PACKAGED,حلويات,شوكولاتة,ice cream bar,,NON_KSA,FOREIGN,NO,VERY_HIGH,P0,MISSING,,OPENFOODFACTS_VERIFIED,Open Food Facts — ICE CREAM BAR,https://world.openfoodfacts.org/product/0047677482487,0047677482487,,1 bar (63 g),100,380.95,6.35,38.1,23.81,1.59,31.75,111.11,FULL,MEDIUM,,,,ICE CREAM BAR,,0.907,,,سنيكرز,Snickers,تغطية OpenFoodFacts للسوق السعودي ضحلة (١٦٤٩٢ منتجًا إجماليًا، وعمق كل علامة عشرات مقابل مئات فعلية) — تُستخدم للتقاطع بالباركود لا كمصدر أول. المصدر المفضّل: كتالوج المصنّع أو كتالوج التجزئة السعودي.
QGAP-01143,READY_FULL,بيانات سوق غير سعودي — تُوسم صراحةً ولا تُقدَّم كقيم سعودية,تويكس وايت,Twix white,تويكس,Twix,Twix,PACKAGED,حلويات,شوكولاتة,white,,NON_KSA,FOREIGN,NO,HIGH,P1,MISSING,,OPENFOODFACTS_VERIFIED,Open Food Facts — Twix white,https://world.openfoodfacts.org/product/0040000532095,0040000532095,,لكل 100غ,100,503.0,4.9,63.7,25.2,,48.1,176.0,FULL,MEDIUM,,,,Twix white,,0.85,,,تويكس,Twix,تغطية OpenFoodFacts للسوق السعودي ضحلة (١٦٤٩٢ منتجًا إجماليًا، وعمق كل علامة عشرات مقابل مئات فعلية) — تُستخدم للتقاطع بالباركود لا كمصدر أول. المصدر المفضّل: كتالوج المصنّع أو كتالوج التجزئة السعودي.
QGAP-01144,READY_FULL,بيانات سوق غير سعودي — تُوسم صراحةً ولا تُقدَّم كقيم سعودية,تويكس ميني,Twix minis,تويكس,Twix,Twix,PACKAGED,حلويات,شوكولاتة,minis,,NON_KSA,FOREIGN,NO,HIGH,P1,MISSING,,OPENFOODFACTS_VERIFIED,Open Food Facts — Twix minis,https://world.openfoodfacts.org/product/5000159495622,5000159495622,,لكل 100غ,100,493.0,4.4,64.9,23.7,0.0,49.1,164.0,FULL,MEDIUM,,,,Twix minis,,0.85,,,تويكس,Twix,تغطية OpenFoodFacts للسوق السعودي ضحلة (١٦٤٩٢ منتجًا إجماليًا، وعمق كل علامة عشرات مقابل مئات فعلية) — تُستخدم للتقاطع بالباركود لا كمصدر أول. المصدر المفضّل: كتالوج المصنّع أو كتالوج التجزئة السعودي.
QGAP-01150,READY_FULL,بيانات سوق غير سعودي — تُوسم صراحةً ولا تُقدَّم كقيم سعودية,مالتيزرز تيزرز,Maltesers Teasers,مالتيزرز,Maltesers,Maltesers,PACKAGED,حلويات,شوكولاتة,Teasers,,NON_KSA,FOREIGN,NO,MEDIUM,P2,MISSING,,OPENFOODFACTS_VERIFIED,Open Food Facts — Maltesers Teasers,https://world.openfoodfacts.org/product/5000159462129,5000159462129,35 g,35 gram,100,531.43,7.71,57.14,28.57,,54.29,,FULL,MEDIUM,,,,Maltesers Teasers,,0.939,,,مالتيزرز,Maltesers,تغطية OpenFoodFacts للسوق السعودي ضحلة (١٦٤٩٢ منتجًا إجماليًا، وعمق كل علامة عشرات مقابل مئات فعلية) — تُستخدم للتقاطع بالباركود لا كمصدر أول. المصدر المفضّل: كتالوج المصنّع أو كتالوج التجزئة السعودي.
QGAP-01151,READY_FULL,بيانات سوق غير سعودي — تُوسم صراحةً ولا تُقدَّم كقيم سعودية,كادبوري ديري ميلك,Cadbury Dairy Milk,كادبوري,Cadbury,Cadbury,PACKAGED,حلويات,شوكولاتة,Dairy Milk,,NON_KSA,FOREIGN,NO,HIGH,P1,MISSING,,OPENFOODFACTS_VERIFIED,Open Food Facts — Dairy milk,https://world.openfoodfacts.org/product/6001065601069,6001065601069,,لكل 100غ,100,521.0,7.7,59.0,27.5,2.5,58.5,,FULL,MEDIUM,,,,Dairy milk,,0.85,,,كادبوري,Cadbury,تغطية OpenFoodFacts للسوق السعودي ضحلة (١٦٤٩٢ منتجًا إجماليًا، وعمق كل علامة عشرات مقابل مئات فعلية) — تُستخدم للتقاطع بالباركود لا كمصدر أول. المصدر المفضّل: كتالوج المصنّع أو كتالوج التجزئة السعودي.
QGAP-01153,READY_FULL,بيانات سوق غير سعودي — تُوسم صراحةً ولا تُقدَّم كقيم سعودية,كادبوري أوريو,Cadbury Dairy Milk Oreo,كادبوري,Cadbury,Cadbury,PACKAGED,حلويات,شوكولاتة,Dairy Milk Oreo,,NON_KSA,FOREIGN,NO,HIGH,P1,MISSING,,OPENFOODFACTS_VERIFIED,Open Food Facts — Dairy Milk Oreo,https://world.openfoodfacts.org/product/7622210589941,7622210589941,,لكل 100غ,100,523.0,6.7,59.0,28.0,,48.0,200.0,FULL,MEDIUM,,,,Dairy Milk Oreo,,0.85,,,كادبوري,Cadbury,تغطية OpenFoodFacts للسوق السعودي ضحلة (١٦٤٩٢ منتجًا إجماليًا، وعمق كل علامة عشرات مقابل مئات فعلية) — تُستخدم للتقاطع بالباركود لا كمصدر أول. المصدر المفضّل: كتالوج المصنّع أو كتالوج التجزئة السعودي.
QGAP-01155,READY_FULL,بيانات سوق غير سعودي — تُوسم صراحةً ولا تُقدَّم كقيم سعودية,كيندر بوينو,Kinder Bueno,كيندر,Kinder,Kinder,PACKAGED,حلويات,شوكولاتة,Bueno,,NON_KSA,FOREIGN,NO,HIGH,P1,MISSING,,OPENFOODFACTS_VERIFIED,Open Food Facts — Bueno,https://world.openfoodfacts.org/product/4008400320328,4008400320328,129g,1 portion (21.5 g),100,572.0,8.6,49.5,37.3,,41.2,109.0,FULL,MEDIUM,,,,Bueno,,0.948,,,كيندر,Kinder,تغطية OpenFoodFacts للسوق السعودي ضحلة (١٦٤٩٢ منتجًا إجماليًا، وعمق كل علامة عشرات مقابل مئات فعلية) — تُستخدم للتقاطع بالباركود لا كمصدر أول. المصدر المفضّل: كتالوج المصنّع أو كتالوج التجزئة السعودي.
QGAP-01157,READY_FULL,بيانات سوق غير سعودي — تُوسم صراحةً ولا تُقدَّم كقيم سعودية,كيندر سربرايز,Kinder Surprise,كيندر,Kinder,Kinder,PACKAGED,حلويات,شوكولاتة,Surprise,,NON_KSA,FOREIGN,NO,HIGH,P1,MISSING,,OPENFOODFACTS_VERIFIED,Open Food Facts — Kinder Surprise,https://world.openfoodfacts.org/product/8000500035184,8000500035184,80 g,20 g (Portion),100,561.0,8.4,52.6,34.9,,52.3,129.2,FULL,MEDIUM,,,,Kinder Surprise,,0.927,,,كيندر,Kinder,تغطية OpenFoodFacts للسوق السعودي ضحلة (١٦٤٩٢ منتجًا إجماليًا، وعمق كل علامة عشرات مقابل مئات فعلية) — تُستخدم للتقاطع بالباركود لا كمصدر أول. المصدر المفضّل: كتالوج المصنّع أو كتالوج التجزئة السعودي.
QGAP-01158,READY_FULL,بيانات سوق غير سعودي — تُوسم صراحةً ولا تُقدَّم كقيم سعودية,كيندر ديلس,Kinder Delice,كيندر,Kinder,Kinder,PACKAGED,حلويات,شوكولاتة,Delice,,NON_KSA,FOREIGN,NO,HIGH,P1,MISSING,,OPENFOODFACTS_VERIFIED,Open Food Facts — Kinder Delice,https://world.openfoodfacts.org/product/8000500264379,8000500264379,156,1 serving (39 g),100,451.28,5.38,58.21,22.82,,43.08,125.64,FULL,MEDIUM,,,,Kinder Delice,,0.938,,,كيندر,Kinder,تغطية OpenFoodFacts للسوق السعودي ضحلة (١٦٤٩٢ منتجًا إجماليًا، وعمق كل علامة عشرات مقابل مئات فعلية) — تُستخدم للتقاطع بالباركود لا كمصدر أول. المصدر المفضّل: كتالوج المصنّع أو كتالوج التجزئة السعودي.
QGAP-01164,READY_FULL,بيانات سوق غير سعودي — تُوسم صراحةً ولا تُقدَّم كقيم سعودية,كوكا كولا أصلي,Coca-Cola original,كوكا كولا,Coca-Cola,Coca-Cola,PACKAGED,مشروبات,غازية,original,,NON_KSA,FOREIGN,NO,VERY_HIGH,P0,MISSING,,OPENFOODFACTS_VERIFIED,Open Food Facts — Coca-Cola goût original,https://world.openfoodfacts.org/product/5449000267412,5449000267412,"1,25 L",250ml,100,42.0,0.0,10.6,0.0,0.0,10.6,0.0,FULL,MEDIUM,,,,Coca-Cola goût original,,0.95,,,كوكا كولا,Coca-Cola,تغطية OpenFoodFacts للسوق السعودي ضحلة (١٦٤٩٢ منتجًا إجماليًا، وعمق كل علامة عشرات مقابل مئات فعلية) — تُستخدم للتقاطع بالباركود لا كمصدر أول. المصدر المفضّل: كتالوج المصنّع أو كتالوج التجزئة السعودي.
QGAP-01165,READY_FULL,بيانات سوق غير سعودي — تُوسم صراحةً ولا تُقدَّم كقيم سعودية,كوكا كولا زيرو,Coca-Cola Zero Sugar,كوكا كولا,Coca-Cola,Coca-Cola,PACKAGED,مشروبات,غازية,Zero Sugar,,NON_KSA,FOREIGN,NO,VERY_HIGH,P0,MISSING,,OPENFOODFACTS_VERIFIED,Open Food Facts — Coca-Cola Zero Sugar,https://world.openfoodfacts.org/product/5000112637939,5000112637939,330 ml,330ml,100,0.3,0.0,0.0,0.0,,0.0,8.0,FULL,MEDIUM,,,,Coca-Cola Zero Sugar,,0.949,,,كوكا كولا,Coca-Cola,تغطية OpenFoodFacts للسوق السعودي ضحلة (١٦٤٩٢ منتجًا إجماليًا، وعمق كل علامة عشرات مقابل مئات فعلية) — تُستخدم للتقاطع بالباركود لا كمصدر أول. المصدر المفضّل: كتالوج المصنّع أو كتالوج التجزئة السعودي.
QGAP-01169,READY_FULL,بيانات سوق غير سعودي — تُوسم صراحةً ولا تُقدَّم كقيم سعودية,بيبسي دايت,Pepsi Diet,بيبسي,Pepsi,Pepsi,PACKAGED,مشروبات,غازية,Diet,,NON_KSA,FOREIGN,NO,VERY_HIGH,P0,MISSING,,OPENFOODFACTS_VERIFIED,Open Food Facts — DIET PEPSI,https://world.openfoodfacts.org/product/0069000019832,0069000019832,591 mL,1 bottle (591 ml),100,0.0,0.0,0.0,0.0,,,10.15,FULL,MEDIUM,,,,DIET PEPSI,,0.949,,,بيبسي,Pepsi,تغطية OpenFoodFacts للسوق السعودي ضحلة (١٦٤٩٢ منتجًا إجماليًا، وعمق كل علامة عشرات مقابل مئات فعلية) — تُستخدم للتقاطع بالباركود لا كمصدر أول. المصدر المفضّل: كتالوج المصنّع أو كتالوج التجزئة السعودي.
QGAP-01177,READY_FULL,بيانات سوق غير سعودي — تُوسم صراحةً ولا تُقدَّم كقيم سعودية,سبرايت أصلي,Sprite original,سبرايت,Sprite,Sprite,PACKAGED,مشروبات,غازية,original,,NON_KSA,FOREIGN,NO,HIGH,P1,MISSING,,OPENFOODFACTS_VERIFIED,Open Food Facts — Sprite Goût Original,https://world.openfoodfacts.org/product/5449000286291,5449000286291,33 cl,330ml,100,33.0,0.0,7.9,0.0,,7.9,12.0,FULL,MEDIUM,,,,Sprite Goût Original,,0.94,,,سبرايت,Sprite,تغطية OpenFoodFacts للسوق السعودي ضحلة (١٦٤٩٢ منتجًا إجماليًا، وعمق كل علامة عشرات مقابل مئات فعلية) — تُستخدم للتقاطع بالباركود لا كمصدر أول. المصدر المفضّل: كتالوج المصنّع أو كتالوج التجزئة السعودي.
QGAP-01178,READY_FULL,بيانات سوق غير سعودي — تُوسم صراحةً ولا تُقدَّم كقيم سعودية,سبرايت زيرو,Sprite Zero,سبرايت,Sprite,Sprite,PACKAGED,مشروبات,غازية,Zero,,NON_KSA,FOREIGN,NO,HIGH,P1,MISSING,,OPENFOODFACTS_VERIFIED,Open Food Facts — Sprite zero,https://world.openfoodfacts.org/product/0088009940633,0088009940633,,لكل 100غ,100,1.0,0.05,0.1,0.0,,0.0,4.0,FULL,MEDIUM,,,,Sprite zero,,0.887,,,سبرايت,Sprite,تغطية OpenFoodFacts للسوق السعودي ضحلة (١٦٤٩٢ منتجًا إجماليًا، وعمق كل علامة عشرات مقابل مئات فعلية) — تُستخدم للتقاطع بالباركود لا كمصدر أول. المصدر المفضّل: كتالوج المصنّع أو كتالوج التجزئة السعودي.
QGAP-01181,READY_FULL,بيانات سوق غير سعودي — تُوسم صراحةً ولا تُقدَّم كقيم سعودية,فانتا عنب,Fanta grape,فانتا,Fanta,Fanta,PACKAGED,مشروبات,غازية,grape,,NON_KSA,FOREIGN,NO,HIGH,P1,MISSING,,OPENFOODFACTS_VERIFIED,Open Food Facts — Fanta grape,https://world.openfoodfacts.org/product/0049000014242,0049000014242,355ml,355ml,100,47.88,0.0,12.39,0.0,,12.39,11.27,FULL,MEDIUM,,,,Fanta grape,,0.919,,,فانتا,Fanta,تغطية OpenFoodFacts للسوق السعودي ضحلة (١٦٤٩٢ منتجًا إجماليًا، وعمق كل علامة عشرات مقابل مئات فعلية) — تُستخدم للتقاطع بالباركود لا كمصدر أول. المصدر المفضّل: كتالوج المصنّع أو كتالوج التجزئة السعودي.
QGAP-01220,READY_FULL,,سنبلة دجاج مجمد,Sunbulah frozen chicken,سنبلة,Sunbulah,Sunbulah,PACKAGED,مجمدات,معجنات ومجمدات,frozen chicken,,KSA,KSA,YES,VERY_HIGH,P0,MISSING,,OPENFOODFACTS_VERIFIED,Open Food Facts — Frozen Chicken Bites,https://world.openfoodfacts.org/product/6281073130694,6281073130694,,لكل 100غ,100,192.0,16.0,14.4,7.7,0.1,1.7,397.0,FULL,MEDIUM,,,,Frozen Chicken Bites,,0.877,,,سنبلة,Sunbulah,تغطية OpenFoodFacts للسوق السعودي ضحلة (١٦٤٩٢ منتجًا إجماليًا، وعمق كل علامة عشرات مقابل مئات فعلية) — تُستخدم للتقاطع بالباركود لا كمصدر أول. المصدر المفضّل: كتالوج المصنّع أو كتالوج التجزئة السعودي.
QGAP-01241,READY_FULL,,أمريكانا ستربس دجاج,Americana chicken strips,أمريكانا,Americana,Americana,PACKAGED,مجمدات,مجمدات,chicken strips,,KSA,KSA,YES,VERY_HIGH,P0,MISSING,,OPENFOODFACTS_VERIFIED,Open Food Facts — Chicken strips,https://world.openfoodfacts.org/product/6281050114891,6281050114891,750g,لكل 100غ,100,200.0,16.0,12.5,9.4,1.0,,651.0,FULL,MEDIUM,,,,Chicken strips,,1.1,,,أمريكانا,Americana,تغطية OpenFoodFacts للسوق السعودي ضحلة (١٦٤٩٢ منتجًا إجماليًا، وعمق كل علامة عشرات مقابل مئات فعلية) — تُستخدم للتقاطع بالباركود لا كمصدر أول. المصدر المفضّل: كتالوج المصنّع أو كتالوج التجزئة السعودي.
QGAP-01244,READY_FULL,بيانات سوق غير سعودي — تُوسم صراحةً ولا تُقدَّم كقيم سعودية,أمريكانا بيتزا,Americana pizza,أمريكانا,Americana,Americana,PACKAGED,مجمدات,مجمدات,pizza,,NON_KSA,FOREIGN,NO,VERY_HIGH,P0,MISSING,,OPENFOODFACTS_VERIFIED,Open Food Facts — Americana pizza,https://world.openfoodfacts.org/product/6270024002234,6270024002234,,لكل 100غ,100,236.0,11.0,33.0,7.0,1.7,2.0,467.0,FULL,MEDIUM,,,,Americana pizza,,0.85,,,أمريكانا,Americana,تغطية OpenFoodFacts للسوق السعودي ضحلة (١٦٤٩٢ منتجًا إجماليًا، وعمق كل علامة عشرات مقابل مئات فعلية) — تُستخدم للتقاطع بالباركود لا كمصدر أول. المصدر المفضّل: كتالوج المصنّع أو كتالوج التجزئة السعودي.
QGAP-01266,READY_FULL,,تنمية دجاج طازج,Tanmiah fresh chicken,تنمية,Tanmiah,Tanmiah,PACKAGED,مجمدات,دواجن,fresh chicken,,KSA,KSA,YES,HIGH,P1,MISSING,,OPENFOODFACTS_VERIFIED,Open Food Facts — Fresh Chicken Heart,https://world.openfoodfacts.org/product/6281028008214,6281028008214,,1 portion (100 g),100,119.0,13.0,0.0,8.0,0.0,0.0,46.0,FULL,MEDIUM,,,,Fresh Chicken Heart,,0.914,,,تنمية,Tanmiah,تغطية OpenFoodFacts للسوق السعودي ضحلة (١٦٤٩٢ منتجًا إجماليًا، وعمق كل علامة عشرات مقابل مئات فعلية) — تُستخدم للتقاطع بالباركود لا كمصدر أول. المصدر المفضّل: كتالوج المصنّع أو كتالوج التجزئة السعودي.
QGAP-01267,READY_FULL,,تنمية صدور دجاج,Tanmiah chicken breast,تنمية,Tanmiah,Tanmiah,PACKAGED,مجمدات,دواجن,chicken breast,,KSA,KSA,YES,HIGH,P1,MISSING,,OPENFOODFACTS_VERIFIED,Open Food Facts — Chicken Breast,https://world.openfoodfacts.org/product/6281040044016,6281040044016,,1 portion (100 g),100,103.0,24.0,0.0,1.0,,,73.0,FULL,MEDIUM,,,,Chicken Breast,,1.138,,,تنمية,Tanmiah,تغطية OpenFoodFacts للسوق السعودي ضحلة (١٦٤٩٢ منتجًا إجماليًا، وعمق كل علامة عشرات مقابل مئات فعلية) — تُستخدم للتقاطع بالباركود لا كمصدر أول. المصدر المفضّل: كتالوج المصنّع أو كتالوج التجزئة السعودي.
QGAP-01276,READY_FULL,,أبو كاس أرز بسمتي,Abu Kass basmati rice,أبو كاس,Abu Kass,Abu Kass,PACKAGED,حبوب,أرز,basmati rice,,KSA,KSA,YES,VERY_HIGH,P1,MISSING,,OPENFOODFACTS_VERIFIED,Open Food Facts — Basmati Rice,https://world.openfoodfacts.org/product/6281100412137,6281100412137,,100 g,100,359.0,7.17,79.49,0.71,,,,FULL,MEDIUM,,,,Basmati Rice,Basmati rice,1.167,,,أبو كاس,Abu Kass,تغطية OpenFoodFacts للسوق السعودي ضحلة (١٦٤٩٢ منتجًا إجماليًا، وعمق كل علامة عشرات مقابل مئات فعلية) — تُستخدم للتقاطع بالباركود لا كمصدر أول. المصدر المفضّل: كتالوج المصنّع أو كتالوج التجزئة السعودي.
QGAP-01280,READY_FULL,بيانات سوق غير سعودي — تُوسم صراحةً ولا تُقدَّم كقيم سعودية,محمود أرز بسمتي,Mahmood basmati rice,محمود,Mahmood,Mahmood,PACKAGED,حبوب,أرز,basmati rice,,NON_KSA,FOREIGN,NO,HIGH,P2,MISSING,,OPENFOODFACTS_VERIFIED,Open Food Facts — Mahmood Rice Basmati,https://world.openfoodfacts.org/product/8680417214218,8680417214218,9 kg,لكل 100غ,100,354.0,8.6,78.0,0.0,,0.0,0.0,FULL,MEDIUM,,,,Mahmood Rice Basmati,,0.895,,,محمود,Mahmood,تغطية OpenFoodFacts للسوق السعودي ضحلة (١٦٤٩٢ منتجًا إجماليًا، وعمق كل علامة عشرات مقابل مئات فعلية) — تُستخدم للتقاطع بالباركود لا كمصدر أول. المصدر المفضّل: كتالوج المصنّع أو كتالوج التجزئة السعودي.
QGAP-01282,READY_FULL,,عافية زيت ذرة,Afia corn oil,عافية,Afia,Afia,PACKAGED,دهون,زيوت,corn oil,,KSA,KSA,YES,VERY_HIGH,P1,MISSING,,OPENFOODFACTS_VERIFIED,Open Food Facts — Pure corn oil,https://world.openfoodfacts.org/product/6281011111457,6281011111457,750ml,لكل 100غ,100,900.0,0.0,0.0,100.0,5.0,0.0,0.0,FULL,MEDIUM,,,,Pure corn oil,,0.934,,,عافية,Afia,تغطية OpenFoodFacts للسوق السعودي ضحلة (١٦٤٩٢ منتجًا إجماليًا، وعمق كل علامة عشرات مقابل مئات فعلية) — تُستخدم للتقاطع بالباركود لا كمصدر أول. المصدر المفضّل: كتالوج المصنّع أو كتالوج التجزئة السعودي.
QGAP-01303,READY_FULL,,العلالي صلصة معكرونة,Al Alali pasta sauce,العلالي,Al Alali,Al Alali,PACKAGED,أطعمة معلبة,معلبات,pasta sauce,,KSA,KSA,YES,VERY_HIGH,P1,MISSING,,OPENFOODFACTS_VERIFIED,Open Food Facts — Pasta Sauce Marinara,https://world.openfoodfacts.org/product/0617950600947,0617950600947,,لكل 100غ,100,61.0,1.5,12.0,0.8,1.0,7.4,,FULL,MEDIUM,,,,Pasta Sauce Marinara,,0.907,,,العلالي,Al Alali,تغطية OpenFoodFacts للسوق السعودي ضحلة (١٦٤٩٢ منتجًا إجماليًا، وعمق كل علامة عشرات مقابل مئات فعلية) — تُستخدم للتقاطع بالباركود لا كمصدر أول. المصدر المفضّل: كتالوج المصنّع أو كتالوج التجزئة السعودي.
QGAP-01320,READY_FULL,بيانات سوق غير سعودي — تُوسم صراحةً ولا تُقدَّم كقيم سعودية,إندومي دجاج,Indomie chicken flavour,إندومي,Indomie,Indomie,PACKAGED,حبوب,نودلز,chicken flavour,,NON_KSA,FOREIGN,NO,VERY_HIGH,P0,MISSING,,OPENFOODFACTS_VERIFIED,Open Food Facts — Indomie chicken flavor,https://world.openfoodfacts.org/product/6156000147628,6156000147628,180g,لكل 100غ,100,450.0,10.0,64.0,17.0,1.7,0.6,1680.0,FULL,MEDIUM,,,,Indomie chicken flavor,,0.85,,,إندومي,Indomie,تغطية OpenFoodFacts للسوق السعودي ضحلة (١٦٤٩٢ منتجًا إجماليًا، وعمق كل علامة عشرات مقابل مئات فعلية) — تُستخدم للتقاطع بالباركود لا كمصدر أول. المصدر المفضّل: كتالوج المصنّع أو كتالوج التجزئة السعودي.
QGAP-01323,READY_FULL,بيانات سوق غير سعودي — تُوسم صراحةً ولا تُقدَّم كقيم سعودية,إندومي كاري,Indomie curry,إندومي,Indomie,Indomie,PACKAGED,حبوب,نودلز,curry,,NON_KSA,FOREIGN,NO,VERY_HIGH,P0,MISSING,,OPENFOODFACTS_VERIFIED,Open Food Facts — curry flavor,https://world.openfoodfacts.org/product/8680908021011,8680908021011,,لكل 100غ,100,450.0,8.0,62.0,18.0,,4.0,,FULL,MEDIUM,,,,curry flavor,,0.85,,,إندومي,Indomie,تغطية OpenFoodFacts للسوق السعودي ضحلة (١٦٤٩٢ منتجًا إجماليًا، وعمق كل علامة عشرات مقابل مئات فعلية) — تُستخدم للتقاطع بالباركود لا كمصدر أول. المصدر المفضّل: كتالوج المصنّع أو كتالوج التجزئة السعودي.
QGAP-01339,READY_FULL,بيانات سوق غير سعودي — تُوسم صراحةً ولا تُقدَّم كقيم سعودية,كيلوقز فروست فليكس,Kellogg's Frosties,كيلوقز,Kellogg's,Kellogg's,PACKAGED,فطور,حبوب إفطار,Frosties,,NON_KSA,FOREIGN,NO,HIGH,P1,MISSING,,OPENFOODFACTS_VERIFIED,Open Food Facts — Frosties,https://world.openfoodfacts.org/product/5050083122712,5050083122712,375 g,لكل 100غ,100,375.0,4.5,87.0,0.6,2.0,37.0,352.0,FULL,MEDIUM,,,,Frosties,,0.85,,,كيلوقز,Kellogg's,تغطية OpenFoodFacts للسوق السعودي ضحلة (١٦٤٩٢ منتجًا إجماليًا، وعمق كل علامة عشرات مقابل مئات فعلية) — تُستخدم للتقاطع بالباركود لا كمصدر أول. المصدر المفضّل: كتالوج المصنّع أو كتالوج التجزئة السعودي.
QGAP-01340,READY_FULL,بيانات سوق غير سعودي — تُوسم صراحةً ولا تُقدَّم كقيم سعودية,كيلوقز سبيشال كيه,Kellogg's Special K,كيلوقز,Kellogg's,Kellogg's,PACKAGED,فطور,حبوب إفطار,Special K,,NON_KSA,FOREIGN,NO,HIGH,P1,MISSING,,OPENFOODFACTS_VERIFIED,Open Food Facts — Special k,https://world.openfoodfacts.org/product/0038000207839,0038000207839,,لكل 100غ,100,140.0,3.0,33.0,0.5,,9.0,250.0,FULL,MEDIUM,,,,Special k,,0.85,,,كيلوقز,Kellogg's,تغطية OpenFoodFacts للسوق السعودي ضحلة (١٦٤٩٢ منتجًا إجماليًا، وعمق كل علامة عشرات مقابل مئات فعلية) — تُستخدم للتقاطع بالباركود لا كمصدر أول. المصدر المفضّل: كتالوج المصنّع أو كتالوج التجزئة السعودي.
QGAP-01347,READY_FULL,بيانات سوق غير سعودي — تُوسم صراحةً ولا تُقدَّم كقيم سعودية,كواكر شوفان سريع,Quaker quick oats,كواكر,Quaker,Quaker,PACKAGED,فطور,شوفان,quick oats,,NON_KSA,FOREIGN,NO,HIGH,P1,MISSING,,OPENFOODFACTS_VERIFIED,Open Food Facts — Quick Oats,https://world.openfoodfacts.org/product/55577101100,,,لكل 100غ,100,366.67,13.33,66.67,6.67,10.0,,,FULL,MEDIUM,,,,Quick Oats,,0.85,,55577101100,كواكر,Quaker,تغطية OpenFoodFacts للسوق السعودي ضحلة (١٦٤٩٢ منتجًا إجماليًا، وعمق كل علامة عشرات مقابل مئات فعلية) — تُستخدم للتقاطع بالباركود لا كمصدر أول. المصدر المفضّل: كتالوج المصنّع أو كتالوج التجزئة السعودي.
QGAP-01363,READY_FULL,بيانات سوق غير سعودي — تُوسم صراحةً ولا تُقدَّم كقيم سعودية,بيربلز كوكيز آند كريم,Barebells Cookies and Cream,بيربلز,Barebells,Barebells,PACKAGED,لياقة وبروتين,ألواح بروتين,Cookies and Cream,,NON_KSA,FOREIGN,NO,HIGH,P1,MISSING,,OPENFOODFACTS_VERIFIED,Open Food Facts — Cookies & Cream,https://world.openfoodfacts.org/product/0850054108210,0850054108210,,لكل 100غ,100,382.0,36.4,36.4,12.7,5.45,9.09,127.0,FULL,MEDIUM,,,,Cookies & Cream,,0.85,,,بيربلز,Barebells,
QGAP-01366,READY_FULL,بيانات سوق غير سعودي — تُوسم صراحةً ولا تُقدَّم كقيم سعودية,بيربلز وايت شوكليت,Barebells White Chocolate Almond,بيربلز,Barebells,Barebells,PACKAGED,لياقة وبروتين,ألواح بروتين,White Chocolate Almond,,NON_KSA,FOREIGN,NO,HIGH,P1,MISSING,,OPENFOODFACTS_VERIFIED,Open Food Facts — White chocolate almond,https://world.openfoodfacts.org/product/7340001801101,7340001801101,55 g,لكل 100غ,100,364.0,36.4,29.1,14.7,6.91,2.18,185.0,FULL,MEDIUM,,,,White chocolate almond,,0.85,,,بيربلز,Barebells,
QGAP-01367,READY_FULL,بيانات سوق غير سعودي — تُوسم صراحةً ولا تُقدَّم كقيم سعودية,بيربلز هيزلنت,Barebells Hazelnut Nougat,بيربلز,Barebells,Barebells,PACKAGED,لياقة وبروتين,ألواح بروتين,Hazelnut Nougat,,NON_KSA,FOREIGN,NO,HIGH,P1,MISSING,,OPENFOODFACTS_VERIFIED,Open Food Facts — Hazelnut Nougat,https://world.openfoodfacts.org/product/9346465807978,9346465807978,,لكل 100غ,100,372.0,36.0,28.0,16.0,5.3,2.7,,FULL,MEDIUM,,,,Hazelnut Nougat,,0.85,,,بيربلز,Barebells,
QGAP-01368,READY_FULL,بيانات سوق غير سعودي — تُوسم صراحةً ولا تُقدَّم كقيم سعودية,بيربلز شوكليت دو,Barebells Chocolate Dough,بيربلز,Barebells,Barebells,PACKAGED,لياقة وبروتين,ألواح بروتين,Chocolate Dough,,NON_KSA,FOREIGN,NO,HIGH,P1,MISSING,,OPENFOODFACTS_VERIFIED,Open Food Facts — Chocolate Dough,https://world.openfoodfacts.org/product/0850000429307,0850000429307,,لكل 100غ,100,363.64,36.36,36.36,12.73,5.45,10.91,272.73,FULL,MEDIUM,,,,Chocolate Dough,,0.85,,,بيربلز,Barebells,
QGAP-01369,READY_FULL,بيانات سوق غير سعودي — تُوسم صراحةً ولا تُقدَّم كقيم سعودية,بيربلز سولتي بينت,Barebells Salty Peanut,بيربلز,Barebells,Barebells,PACKAGED,لياقة وبروتين,ألواح بروتين,Salty Peanut,,NON_KSA,FOREIGN,NO,HIGH,P1,MISSING,,OPENFOODFACTS_VERIFIED,Open Food Facts — Salty peanut,https://world.openfoodfacts.org/product/4340421600363,4340421600363,,لكل 100غ,100,370.91,36.36,29.09,14.91,7.27,2.36,,FULL,MEDIUM,,,,Salty peanut,,0.85,,,بيربلز,Barebells,
QGAP-01372,READY_FULL,بيانات سوق غير سعودي — تُوسم صراحةً ولا تُقدَّم كقيم سعودية,كويست شوكولاتة تشيب,Quest Chocolate Chip Cookie Dough,كويست,Quest,Quest,PACKAGED,لياقة وبروتين,ألواح بروتين,Chocolate Chip Cookie Dough,,NON_KSA,FOREIGN,NO,MEDIUM,P2,MISSING,,OPENFOODFACTS_VERIFIED,Open Food Facts — Chocolate chip cookie dough,https://world.openfoodfacts.org/product/0888849011681,0888849011681,,لكل 100غ,100,316.67,35.0,35.0,15.0,20.0,8.33,366.67,FULL,MEDIUM,,,,Chocolate chip cookie dough,,0.85,,,كويست,Quest,
QGAP-01373,READY_FULL,بيانات سوق غير سعودي — تُوسم صراحةً ولا تُقدَّم كقيم سعودية,كويست كوكيز آند كريم,Quest Cookies and Cream,كويست,Quest,Quest,PACKAGED,لياقة وبروتين,ألواح بروتين,Cookies and Cream,,NON_KSA,FOREIGN,NO,MEDIUM,P2,MISSING,,OPENFOODFACTS_VERIFIED,Open Food Facts — Cookies &cream,https://world.openfoodfacts.org/product/0888849444441,0888849444441,,لكل 100غ,100,316.67,35.0,35.0,13.33,21.67,6.67,483.33,FULL,MEDIUM,,,,Cookies &cream,,0.85,,,كويست,Quest,
QGAP-01375,READY_FULL,بيانات سوق غير سعودي — تُوسم صراحةً ولا تُقدَّم كقيم سعودية,كويست شيبس بروتين,Quest protein chips,كويست,Quest,Quest,PACKAGED,لياقة وبروتين,ألواح بروتين,protein chips,,NON_KSA,FOREIGN,NO,MEDIUM,P2,MISSING,,OPENFOODFACTS_VERIFIED,Open Food Facts — Protein chips,https://world.openfoodfacts.org/product/0888849008759,0888849008759,,لكل 100غ,100,464.0,57.1,17.9,17.9,3.57,3.57,1040.0,FULL,MEDIUM,,,,Protein chips,,0.85,,,كويست,Quest,
QGAP-01384,READY_FULL,بيانات سوق غير سعودي — تُوسم صراحةً ولا تُقدَّم كقيم سعودية,أوبتيموم نيوترشن كازيين,Optimum Nutrition Casein,أوبتيموم نيوترشن,Optimum Nutrition,Optimum Nutrition,PACKAGED,لياقة وبروتين,بروتين باودر,Casein,,NON_KSA,FOREIGN,NO,HIGH,P1,MISSING,,OPENFOODFACTS_VERIFIED,Open Food Facts — Casein,https://world.openfoodfacts.org/product/5060469989877,5060469989877,924 g,1 portion (15 g),100,350.0,74.0,5.8,2.5,3.5,3.4,747.0,FULL,MEDIUM,,,,Casein,,0.897,,,أوبتيموم نيوترشن,Optimum Nutrition,
QGAP-01386,READY_FULL,بيانات سوق غير سعودي — تُوسم صراحةً ولا تُقدَّم كقيم سعودية,أوبتيموم نيوترشن أمينو إنرجي,Optimum Nutrition Amino Energy,أوبتيموم نيوترشن,Optimum Nutrition,Optimum Nutrition,PACKAGED,لياقة وبروتين,بروتين باودر,Amino Energy,,NON_KSA,FOREIGN,NO,HIGH,P1,MISSING,,OPENFOODFACTS_VERIFIED,Open Food Facts — AMINO. ENERGY,https://world.openfoodfacts.org/product/0748927026658,0748927026658,141603036,2 scoops (9 g),100,55.56,0.0,11.11,0.0,,,111.11,FULL,MEDIUM,,,,AMINO. ENERGY,,0.907,,,أوبتيموم نيوترشن,Optimum Nutrition,
QGAP-01394,READY_FULL,,نادك حليب بروتين,NADEC protein milk,نادك,NADEC,NADEC,PACKAGED,لياقة وبروتين,منتجات عالية البروتين,protein milk,,KSA,KSA,YES,HIGH,P1,MISSING,,OPENFOODFACTS_VERIFIED,Open Food Facts — Protein Milk Drink,https://world.openfoodfacts.org/product/6281057009121,6281057009121,250ml,لكل 100غ,100,76.0,6.0,12.3,0.2,0.6,11.8,90.0,FULL,MEDIUM,,,,Protein Milk Drink,,0.877,,,نادك,NADEC,
QGAP-01399,READY_FULL,بيانات سوق غير سعودي — تُوسم صراحةً ولا تُقدَّم كقيم سعودية,أتكنز شيك,Atkins shake,أتكنز,Atkins,Atkins,PACKAGED,لياقة وبروتين,ألواح بروتين,shake,,NON_KSA,FOREIGN,NO,MEDIUM,P2,MISSING,,OPENFOODFACTS_VERIFIED,Open Food Facts — Shake,https://world.openfoodfacts.org/product/0637480069069,0637480069069,,11 OZA (325 ml),100,49.23,4.62,2.15,2.77,1.54,0.31,58.46,FULL,MEDIUM,,,,Shake,,0.907,,,أتكنز,Atkins,
QGAP-01403,READY_FULL,,محلي سكرالوز,Sucralose sweetener,,,,GENERIC,لياقة وبروتين,محليات,,,KSA,GLOBAL_REFERENCE,,HIGH,P2,MISSING,,USDA,"USDA FoodData Central — Sweeteners, for baking, contains sugar and sucralose",https://fdc.nal.usda.gov/food-details/170673/nutrients,,,لكل 100غ,100,398.0,0.0,99.53,0.0,,47.05,2.0,FULL,HIGH,,170673,"Sweeteners, for baking, contains sugar and sucralose",,,1.18,,,,,يُسجَّل بالعلامة التجارية الفعلية عند الاستيراد.
QGAP-01404,READY_FULL,,شراب خالي السكر,Sugar-free syrup,,,,GENERIC,لياقة وبروتين,محليات,,,KSA,GLOBAL_REFERENCE,,HIGH,P2,MISSING,,USDA,"USDA FoodData Central — Syrups, sugar free",https://fdc.nal.usda.gov/food-details/169878/nutrients,,,لكل 100غ,100,51.0,0.8,11.99,0.0,0.7,0.01,210.0,FULL,HIGH,,169878,"Syrups, sugar free",,,1.3,,,,,يُسجَّل بالعلامة التجارية الفعلية عند الاستيراد.
QGAP-01422,READY_FULL,,أوميغا 3,Omega-3,,,,GENERIC,لياقة وبروتين,مكملات,,,KSA,GLOBAL_REFERENCE,,HIGH,P2,MISSING,,USDA,"USDA FoodData Central — Peanut butter with omega-3, creamy",https://fdc.nal.usda.gov/food-details/172471/nutrients,,,لكل 100غ,100,608.0,24.47,17.0,54.17,6.1,3.11,356.0,FULL,HIGH,,172471,"Peanut butter with omega-3, creamy",,,1.18,,,,,يُسجَّل بالعلامة التجارية الفعلية عند الاستيراد.
QGAP-01511,READY_FULL,,سلطة سيزر,Caesar salad,,,,INTERNATIONAL,مطبخ عالمي,غربي,,,KSA,GLOBAL_REFERENCE,,HIGH,P2,MISSING,,USDA,"USDA FoodData Central — Salad dressing, caesar dressing, regular",https://fdc.nal.usda.gov/food-details/169055/nutrients,,,لكل 100غ,100,542.0,2.17,3.3,57.85,0.5,2.81,1209.0,FULL,HIGH,,169055,"Salad dressing, caesar dressing, regular",,,1.22,,,,,
QGAP-01516,READY_FULL,,فرنش توست,French toast,,,,INTERNATIONAL,مطبخ عالمي,غربي,,,KSA,GLOBAL_REFERENCE,,HIGH,P2,MISSING,,USDA,"USDA FoodData Central — French toast, prepared from recipe, made with low fat (2%) milk",https://fdc.nal.usda.gov/food-details/174998/nutrients,,,لكل 100غ,100,229.0,7.7,25.0,10.8,,,479.0,FULL,HIGH,,174998,"French toast, prepared from recipe, made with low fat (2%) milk",,,1.02,,,,,
QGAP-01523,READY_FULL,,آيس كريم مثلج بالفواكه,Frozen yogurt,,,,INTERNATIONAL,مطبخ عالمي,حلويات,,,KSA,GLOBAL_REFERENCE,,MEDIUM,P2,MISSING,,USDA,"USDA FoodData Central — Frozen yogurts, chocolate",https://fdc.nal.usda.gov/food-details/168104/nutrients,,,لكل 100غ,100,131.0,3.0,21.6,3.6,2.3,19.24,63.0,FULL,HIGH,,168104,"Frozen yogurts, chocolate",,,1.61,,,,,
QGAP-01532,READY_FULL,,شوربة مشروم,Mushroom soup,,,,INTERNATIONAL,مطبخ عالمي,غربي,,,KSA,GLOBAL_REFERENCE,,MEDIUM,P2,MISSING,,USDA,"USDA FoodData Central — Soup, beef and mushroom, low sodium, chunk style",https://fdc.nal.usda.gov/food-details/171611/nutrients,,,لكل 100غ,100,69.0,4.3,9.58,2.3,0.2,0.84,25.0,FULL,HIGH,,171611,"Soup, beef and mushroom, low sodium, chunk style",,,1.1,,,,,
