candidate_id,name_ar,name_en,brand_ar,brand_en,restaurant_or_brand,food_type,category,subcategory,variant,preparation,market,saudi_relevance,priority,match_status,existing_qimmah_match,source_class,source_name,source_url,serving_description,calories,protein_g,carbs_g,fat_g,fiber_g,sugar_g,sodium_mg,nutrition_completeness,confidence,aliases_ar,aliases_en,notes
QUNC-00001,بطاطس مسلوق,"Potato, Boiled",,,,GENERIC,أطعمة عامة,طرق الطهي,,boiled,KSA,HIGH,P2,UNCERTAIN_MATCH,potato-boiled · بطاطس مسلوقة,USDA,USDA FoodData Central,https://fdc.nal.usda.gov/,,,,,,,,,NONE,LOW,,,يُضاف فقط إذا اختلفت القيم ماديًا عن الصنف الأساسي الموجود.
QUNC-00002,خميرة,Yeast,,,,GENERIC,أطعمة عامة,توابل ومحليات,,,KSA,MEDIUM,P2,UNCERTAIN_MATCH,khameer-bread · خمير,USDA,USDA FoodData Central,https://fdc.nal.usda.gov/,,,,,,,,,NONE,LOW,,,
QUNC-00003,هرفي - برجر دجاج حار,Herfy - Spicy chicken burger,هرفي,Herfy,Herfy,RESTAURANT,مطاعم,برجر,,,KSA,VERY_HIGH,P1,UNCERTAIN_MATCH,herfy-chicken-burger · هرفي - برجر دجاج,OFFICIAL_LOCAL_KCAL,Herfy menu / app (SFDA),,,,,,,,,,NONE,LOW,هرفي,Herfy,السعرات متاحة رسميًا على قائمة الفرع/التطبيق (إلزام SFDA منذ ١ يوليو ٢٠٢٥). الماكروز غير منشورة — تبقى فارغة.
QUNC-00004,هرفي - ساندويتش فيليه سمك,Herfy - Fish fillet sandwich,هرفي,Herfy,Herfy,RESTAURANT,مطاعم,برجر,,,KSA,VERY_HIGH,P1,UNCERTAIN_MATCH,fish-fillet-sandwich · ساندويتش فيليه سمك,OFFICIAL_LOCAL_KCAL,Herfy menu / app (SFDA),,,,,,,,,,NONE,LOW,هرفي,Herfy,السعرات متاحة رسميًا على قائمة الفرع/التطبيق (إلزام SFDA منذ ١ يوليو ٢٠٢٥). الماكروز غير منشورة — تبقى فارغة.
QUNC-00005,هرفي - وجبة سوبر برجر,Herfy - Super burger meal,هرفي,Herfy,Herfy,RESTAURANT,مطاعم,برجر,,,KSA,VERY_HIGH,P1,UNCERTAIN_MATCH,herfy-super-burger · هرفي - سوبر برجر,OFFICIAL_LOCAL_KCAL,Herfy menu / app (SFDA),,,,,,,,,,NONE,LOW,هرفي,Herfy,السعرات متاحة رسميًا على قائمة الفرع/التطبيق (إلزام SFDA منذ ١ يوليو ٢٠٢٥). الماكروز غير منشورة — تبقى فارغة.
QUNC-00006,كودو - فيليه دجاج حار,Kudu - Spicy chicken fillet,كودو,Kudu,Kudu,RESTAURANT,مطاعم,برجر,,,KSA,VERY_HIGH,P1,UNCERTAIN_MATCH,kudu-chicken-fillet · كودو - فيليه دجاج,OFFICIAL_LOCAL_KCAL,Kudu app (SFDA),,,,,,,,,,NONE,LOW,كودو,Kudu,السعرات متاحة رسميًا على قائمة الفرع/التطبيق (إلزام SFDA منذ ١ يوليو ٢٠٢٥). الماكروز غير منشورة — تبقى فارغة.
QUNC-00007,كودو - برجر لحم دبل,Kudu - Double beef burger,كودو,Kudu,Kudu,RESTAURANT,مطاعم,برجر,,,KSA,VERY_HIGH,P1,UNCERTAIN_MATCH,kudu-beef-burger · كودو - برجر لحم,OFFICIAL_LOCAL_KCAL,Kudu app (SFDA),,,,,,,,,,NONE,LOW,كودو,Kudu,السعرات متاحة رسميًا على قائمة الفرع/التطبيق (إلزام SFDA منذ ١ يوليو ٢٠٢٥). الماكروز غير منشورة — تبقى فارغة.
QUNC-00008,كودو - ساندويتش فيليه سمك,Kudu - Fish fillet sandwich,كودو,Kudu,Kudu,RESTAURANT,مطاعم,برجر,,,KSA,VERY_HIGH,P1,UNCERTAIN_MATCH,fish-fillet-sandwich · ساندويتش فيليه سمك,OFFICIAL_LOCAL_KCAL,Kudu app (SFDA),,,,,,,,,,NONE,LOW,كودو,Kudu,السعرات متاحة رسميًا على قائمة الفرع/التطبيق (إلزام SFDA منذ ١ يوليو ٢٠٢٥). الماكروز غير منشورة — تبقى فارغة.
QUNC-00009,كودو - ناجتس دجاج,Kudu - Chicken nuggets,كودو,Kudu,Kudu,RESTAURANT,مطاعم,برجر,,,KSA,VERY_HIGH,P1,UNCERTAIN_MATCH,chicken-nuggets · ناجتس دجاج,OFFICIAL_LOCAL_KCAL,Kudu app (SFDA),,,,,,,,,,NONE,LOW,كودو,Kudu,السعرات متاحة رسميًا على قائمة الفرع/التطبيق (إلزام SFDA منذ ١ يوليو ٢٠٢٥). الماكروز غير منشورة — تبقى فارغة.
QUNC-00010,الطازج - ساندويتش شاورما دجاج,Al Tazaj - Chicken shawarma sandwich,الطازج,Al Tazaj,Al Tazaj,RESTAURANT,مطاعم,دجاج مشوي,,,KSA,VERY_HIGH,P1,UNCERTAIN_MATCH,shawarma-chicken · شاورما دجاج,OFFICIAL_LOCAL_KCAL,Al Tazaj menu (SFDA),,,,,,,,,,NONE,LOW,الطازج,Al Tazaj,السعرات متاحة رسميًا على قائمة الفرع/التطبيق (إلزام SFDA منذ ١ يوليو ٢٠٢٥). الماكروز غير منشورة — تبقى فارغة.
QUNC-00011,شاورمر - شاورما لحم عادي,Shawarmer - Regular meat shawarma,شاورمر,Shawarmer,Shawarmer,RESTAURANT,مطاعم,شاورما,,,KSA,VERY_HIGH,P1,UNCERTAIN_MATCH,shawarmer-meat · شاورمر - شاورما لحم,OFFICIAL_LOCAL_KCAL,Shawarmer app (SFDA),,,,,,,,,,NONE,LOW,شاورمر,Shawarmer,السعرات متاحة رسميًا على قائمة الفرع/التطبيق (إلزام SFDA منذ ١ يوليو ٢٠٢٥). الماكروز غير منشورة — تبقى فارغة.
QUNC-00012,شاورمر - صحن شاورما لحم,Shawarmer - Meat shawarma plate,شاورمر,Shawarmer,Shawarmer,RESTAURANT,مطاعم,شاورما,,,KSA,VERY_HIGH,P1,UNCERTAIN_MATCH,shawarmer-meat · شاورمر - شاورما لحم,OFFICIAL_LOCAL_KCAL,Shawarmer app (SFDA),,,,,,,,,,NONE,LOW,شاورمر,Shawarmer,السعرات متاحة رسميًا على قائمة الفرع/التطبيق (إلزام SFDA منذ ١ يوليو ٢٠٢٥). الماكروز غير منشورة — تبقى فارغة.
QUNC-00013,ماكدونالدز - بطاطس كبيرة,McDonald's - Large fries,ماكدونالدز,McDonald's,McDonald's,RESTAURANT,مطاعم,برجر,,,KSA,VERY_HIGH,P0,UNCERTAIN_MATCH,mcd-fries-medium · ماكدونالدز - بطاطس,OFFICIAL_LOCAL,McDonald's Arabia nutrition (KSA),https://www.mcdonalds.com/content/dam/sites/ArabiaGWS/english/nfl/html/nutrition-info-jeddah-en-new.pdf,,,,,,,,,NONE,LOW,ماكدونالدز,McDonald's,
QUNC-00014,ماكدونالدز - بطاطس وسط,McDonald's - Medium fries,ماكدونالدز,McDonald's,McDonald's,RESTAURANT,مطاعم,برجر,,,KSA,VERY_HIGH,P0,UNCERTAIN_MATCH,mcd-fries-medium · ماكدونالدز - بطاطس,OFFICIAL_LOCAL,McDonald's Arabia nutrition (KSA),https://www.mcdonalds.com/content/dam/sites/ArabiaGWS/english/nfl/html/nutrition-info-jeddah-en-new.pdf,,,,,,,,,NONE,LOW,ماكدونالدز,McDonald's,
QUNC-00015,برجر كنج - وابر جونيور,Burger King - Whopper Jr,برجر كنج,Burger King,Burger King,RESTAURANT,مطاعم,برجر,,,KSA,VERY_HIGH,P1,UNCERTAIN_MATCH,bk-whopper · برجر كنج - وابر,OFFICIAL_LOCAL_KCAL,Burger King KSA menu (SFDA),,,,,,,,,,NONE,LOW,برجر كنج,Burger King,السعرات متاحة رسميًا على قائمة الفرع/التطبيق (إلزام SFDA منذ ١ يوليو ٢٠٢٥). الماكروز غير منشورة — تبقى فارغة.
QUNC-00016,كنتاكي - تويستر حار,KFC - Spicy Twister,كنتاكي,KFC,KFC,RESTAURANT,مطاعم,دجاج مقلي,,,KSA,VERY_HIGH,P0,UNCERTAIN_MATCH,kfc-twister · كنتاكي - تويستر,OFFICIAL_LOCAL_KCAL,KFC Arabia app (SFDA),,,,,,,,,,NONE,LOW,كنتاكي,KFC,السعرات متاحة رسميًا على قائمة الفرع/التطبيق (إلزام SFDA منذ ١ يوليو ٢٠٢٥). الماكروز غير منشورة — تبقى فارغة.
QUNC-00017,هارديز - ساندويتش دجاج مقرمش,Hardee's - Crispy chicken sandwich,هارديز,Hardee's,Hardee's,RESTAURANT,مطاعم,برجر,,,KSA,VERY_HIGH,P1,UNCERTAIN_MATCH,zinger-sandwich · زنجر دجاج,OFFICIAL_LOCAL_KCAL,Hardee's Arabia menu (SFDA),,,,,,,,,,NONE,LOW,هارديز,Hardee's,السعرات متاحة رسميًا على قائمة الفرع/التطبيق (إلزام SFDA منذ ١ يوليو ٢٠٢٥). الماكروز غير منشورة — تبقى فارغة.
QUNC-00018,تكساس تشيكن - برجر دجاج حار,Texas Chicken - Spicy chicken burger,تكساس تشيكن,Texas Chicken,Texas Chicken,RESTAURANT,مطاعم,دجاج مقلي,,,KSA,HIGH,P1,UNCERTAIN_MATCH,texas-chicken-burger · تكساس تشيكن - برجر دجاج,OFFICIAL_LOCAL_KCAL,Texas Chicken KSA menu (SFDA),,,,,,,,,,NONE,LOW,تكساس تشيكن,Texas Chicken,السعرات متاحة رسميًا على قائمة الفرع/التطبيق (إلزام SFDA منذ ١ يوليو ٢٠٢٥). الماكروز غير منشورة — تبقى فارغة.
QUNC-00019,بيتزا هت - أجنحة دجاج,Pizza Hut - Chicken wings,بيتزا هت,Pizza Hut,Pizza Hut,RESTAURANT,مطاعم,بيتزا,,,KSA,VERY_HIGH,P1,UNCERTAIN_MATCH,pizzahut-wings-4 · بيتزا هت - أجنحة دجاج (4 قطع),OFFICIAL_FOREIGN_MARKET,Pizza Hut corporate nutrition,,,,,,,,,,NONE,LOW,بيتزا هت,Pizza Hut,بيانات السوق الأجنبي فقط — تُوسم صراحةً ولا تُقدَّم كقيم سعودية.
QUNC-00020,بيتزا هت - خبز بالثوم والجبن,Pizza Hut - Cheesy garlic bread,بيتزا هت,Pizza Hut,Pizza Hut,RESTAURANT,مطاعم,بيتزا,,,KSA,VERY_HIGH,P1,UNCERTAIN_MATCH,pizzahut-garlic-bread · بيتزا هت - خبز بالثوم,OFFICIAL_FOREIGN_MARKET,Pizza Hut corporate nutrition,,,,,,,,,,NONE,LOW,بيتزا هت,Pizza Hut,بيانات السوق الأجنبي فقط — تُوسم صراحةً ولا تُقدَّم كقيم سعودية.
QUNC-00021,بابا جونز - بيتزا جبن,Papa John's - Cheese pizza,بابا جونز,Papa John's,Papa John's,RESTAURANT,مطاعم,بيتزا,,,KSA,HIGH,P1,UNCERTAIN_MATCH,papajohns-cheese-slice · بابا جونز - قطعة بيتزا جبن,OFFICIAL_FOREIGN_MARKET,Papa John's corporate nutrition,,,,,,,,,,NONE,LOW,بابا جونز,Papa John's,بيانات السوق الأجنبي فقط — تُوسم صراحةً ولا تُقدَّم كقيم سعودية.
QUNC-00022,ستاربكس - كراميل ماكياتو مثلج,Starbucks - Iced Caramel Macchiato,ستاربكس,Starbucks,Starbucks,RESTAURANT,مطاعم,قهوة,,,KSA,VERY_HIGH,P0,UNCERTAIN_MATCH,starbucks-caramel-macchiato · ستاربكس - كراميل ماكياتو,OFFICIAL_LOCAL_KCAL,Starbucks KSA menu (SFDA) — وصفات MENA تختلف عن أمريكا,,,,,,,,,,NONE,LOW,ستاربكس,Starbucks,السعرات متاحة رسميًا على قائمة الفرع/التطبيق (إلزام SFDA منذ ١ يوليو ٢٠٢٥). الماكروز غير منشورة — تبقى فارغة.
QUNC-00023,بارنز - قهوة تركية,Barn's - Turkish coffee,بارنز,Barn's,Barn's,RESTAURANT,مطاعم,قهوة,,,KSA,VERY_HIGH,P1,UNCERTAIN_MATCH,turkish-coffee · قهوة تركية,OFFICIAL_LOCAL_KCAL,Barn's app (SFDA),,,,,,,,,,NONE,LOW,بارنز,Barn's,السعرات متاحة رسميًا على قائمة الفرع/التطبيق (إلزام SFDA منذ ١ يوليو ٢٠٢٥). الماكروز غير منشورة — تبقى فارغة.
QUNC-00024,جان برجر - دبل تشيز,Jan Burger - Double cheese,جان برجر,Jan Burger,Jan Burger,RESTAURANT,مطاعم,برجر,,,KSA,HIGH,P1,UNCERTAIN_MATCH,double-cheeseburger · برجر دبل تشيز,OFFICIAL_LOCAL_KCAL,Jan Burger menu (SFDA),,,,,,,,,,NONE,LOW,جان برجر,Jan Burger,السعرات متاحة رسميًا على قائمة الفرع/التطبيق (إلزام SFDA منذ ١ يوليو ٢٠٢٥). الماكروز غير منشورة — تبقى فارغة.
QUNC-00025,نادك حليب كامل الدسم,NADEC full-fat milk,نادك,NADEC,NADEC,PACKAGED,ألبان,حليب وألبان,full-fat milk,,KSA,VERY_HIGH,P0,UNCERTAIN_MATCH,milk-full · حليب كامل الدسم,OFFICIAL_MANUFACTURER,NADEC official product page,,,,,,,,,,NONE,LOW,نادك,NADEC,تغطية OpenFoodFacts للسوق السعودي ضحلة (١٦٤٩٢ منتجًا إجماليًا، وعمق كل علامة عشرات مقابل مئات فعلية) — تُستخدم للتقاطع بالباركود لا كمصدر أول. المصدر المفضّل: كتالوج المصنّع أو كتالوج التجزئة السعودي.
QUNC-00026,نادك حليب قليل الدسم,NADEC low-fat milk,نادك,NADEC,NADEC,PACKAGED,ألبان,حليب وألبان,low-fat milk,,KSA,VERY_HIGH,P0,UNCERTAIN_MATCH,milk-low-fat · حليب قليل الدسم,OFFICIAL_MANUFACTURER,NADEC official product page,,,,,,,,,,NONE,LOW,نادك,NADEC,تغطية OpenFoodFacts للسوق السعودي ضحلة (١٦٤٩٢ منتجًا إجماليًا، وعمق كل علامة عشرات مقابل مئات فعلية) — تُستخدم للتقاطع بالباركود لا كمصدر أول. المصدر المفضّل: كتالوج المصنّع أو كتالوج التجزئة السعودي.
QUNC-00027,نادك زبادي يوناني,NADEC Greek yogurt,نادك,NADEC,NADEC,PACKAGED,ألبان,حليب وألبان,Greek yogurt,,KSA,VERY_HIGH,P0,UNCERTAIN_MATCH,greek-yogurt · زبادي يوناني,OFFICIAL_MANUFACTURER,NADEC official product page,,,,,,,,,,NONE,LOW,نادك,NADEC,تغطية OpenFoodFacts للسوق السعودي ضحلة (١٦٤٩٢ منتجًا إجماليًا، وعمق كل علامة عشرات مقابل مئات فعلية) — تُستخدم للتقاطع بالباركود لا كمصدر أول. المصدر المفضّل: كتالوج المصنّع أو كتالوج التجزئة السعودي.
QUNC-00028,نادك حليب بالشوكولاتة,NADEC chocolate milk,نادك,NADEC,NADEC,PACKAGED,ألبان,حليب وألبان,chocolate milk,,KSA,VERY_HIGH,P0,UNCERTAIN_MATCH,chocolate-milk · حليب بالشوكولاتة,OFFICIAL_MANUFACTURER,NADEC official product page,,,,,,,,,,NONE,LOW,نادك,NADEC,تغطية OpenFoodFacts للسوق السعودي ضحلة (١٦٤٩٢ منتجًا إجماليًا، وعمق كل علامة عشرات مقابل مئات فعلية) — تُستخدم للتقاطع بالباركود لا كمصدر أول. المصدر المفضّل: كتالوج المصنّع أو كتالوج التجزئة السعودي.
QUNC-00029,ندى حليب كامل الدسم,Nada full-fat milk,ندى,Nada,Nada,PACKAGED,ألبان,حليب وألبان,full-fat milk,,KSA,VERY_HIGH,P1,UNCERTAIN_MATCH,milk-full · حليب كامل الدسم,OFFICIAL_MANUFACTURER,Nada official product page,,,,,,,,,,NONE,LOW,ندى,Nada,تغطية OpenFoodFacts للسوق السعودي ضحلة (١٦٤٩٢ منتجًا إجماليًا، وعمق كل علامة عشرات مقابل مئات فعلية) — تُستخدم للتقاطع بالباركود لا كمصدر أول. المصدر المفضّل: كتالوج المصنّع أو كتالوج التجزئة السعودي.
QUNC-00030,ندى حليب قليل الدسم,Nada low-fat milk,ندى,Nada,Nada,PACKAGED,ألبان,حليب وألبان,low-fat milk,,KSA,VERY_HIGH,P1,UNCERTAIN_MATCH,milk-low-fat · حليب قليل الدسم,OFFICIAL_MANUFACTURER,Nada official product page,,,,,,,,,,NONE,LOW,ندى,Nada,تغطية OpenFoodFacts للسوق السعودي ضحلة (١٦٤٩٢ منتجًا إجماليًا، وعمق كل علامة عشرات مقابل مئات فعلية) — تُستخدم للتقاطع بالباركود لا كمصدر أول. المصدر المفضّل: كتالوج المصنّع أو كتالوج التجزئة السعودي.
QUNC-00031,ندى جبن كريمي,Nada cream cheese,ندى,Nada,Nada,PACKAGED,ألبان,حليب وألبان,cream cheese,,KSA,VERY_HIGH,P1,UNCERTAIN_MATCH,cream-cheese · جبن كريمي,OFFICIAL_MANUFACTURER,Nada official product page,,,,,,,,,,NONE,LOW,ندى,Nada,تغطية OpenFoodFacts للسوق السعودي ضحلة (١٦٤٩٢ منتجًا إجماليًا، وعمق كل علامة عشرات مقابل مئات فعلية) — تُستخدم للتقاطع بالباركود لا كمصدر أول. المصدر المفضّل: كتالوج المصنّع أو كتالوج التجزئة السعودي.
QUNC-00032,ندى عصير برتقال,Nada orange juice,ندى,Nada,Nada,PACKAGED,ألبان,حليب وألبان,orange juice,,KSA,VERY_HIGH,P1,UNCERTAIN_MATCH,orange-juice · عصير برتقال,OFFICIAL_MANUFACTURER,Nada official product page,,,,,,,,,,NONE,LOW,ندى,Nada,تغطية OpenFoodFacts للسوق السعودي ضحلة (١٦٤٩٢ منتجًا إجماليًا، وعمق كل علامة عشرات مقابل مئات فعلية) — تُستخدم للتقاطع بالباركود لا كمصدر أول. المصدر المفضّل: كتالوج المصنّع أو كتالوج التجزئة السعودي.
QUNC-00033,ندى عصير مانجو,Nada mango juice,ندى,Nada,Nada,PACKAGED,ألبان,حليب وألبان,mango juice,,KSA,VERY_HIGH,P1,UNCERTAIN_MATCH,mango-juice · عصير مانجو,OFFICIAL_MANUFACTURER,Nada official product page,,,,,,,,,,NONE,LOW,ندى,Nada,تغطية OpenFoodFacts للسوق السعودي ضحلة (١٦٤٩٢ منتجًا إجماليًا، وعمق كل علامة عشرات مقابل مئات فعلية) — تُستخدم للتقاطع بالباركود لا كمصدر أول. المصدر المفضّل: كتالوج المصنّع أو كتالوج التجزئة السعودي.
QUNC-00034,بوك جبن كريمي,Puck cream cheese spread,بوك,Puck,Puck,PACKAGED,ألبان,أجبان,cream cheese spread,,KSA,VERY_HIGH,P1,UNCERTAIN_MATCH,cream-cheese · جبن كريمي,OFFICIAL_MANUFACTURER,Puck official product page,,,,,,,,,,NONE,LOW,بوك,Puck,تغطية OpenFoodFacts للسوق السعودي ضحلة (١٦٤٩٢ منتجًا إجماليًا، وعمق كل علامة عشرات مقابل مئات فعلية) — تُستخدم للتقاطع بالباركود لا كمصدر أول. المصدر المفضّل: كتالوج المصنّع أو كتالوج التجزئة السعودي.
QUNC-00035,قودي زبدة فول سوداني,Goody peanut butter,قودي,Goody,Goody,PACKAGED,أطعمة معلبة,معلبات ومربى,peanut butter,,KSA,HIGH,P1,UNCERTAIN_MATCH,peanut-butter · زبدة فول سوداني,OFFICIAL_LOCAL,Saudi retailer catalogue (Panda/Othaim/Tamimi/Nana) + barcode,,,,,,,,,,NONE,LOW,قودي,Goody,تغطية OpenFoodFacts للسوق السعودي ضحلة (١٦٤٩٢ منتجًا إجماليًا، وعمق كل علامة عشرات مقابل مئات فعلية) — تُستخدم للتقاطع بالباركود لا كمصدر أول. المصدر المفضّل: كتالوج المصنّع أو كتالوج التجزئة السعودي.
QUNC-00036,كوكي برجر دجاج,Koki chicken burger,كوكي,Koki,Koki,PACKAGED,مجمدات,دواجن,chicken burger,,KSA,HIGH,P1,UNCERTAIN_MATCH,chicken-burger · برجر دجاج,OFFICIAL_LOCAL,Saudi retailer catalogue (Panda/Othaim/Tamimi/Nana) + barcode,,,,,,,,,,NONE,LOW,كوكي,Koki,تغطية OpenFoodFacts للسوق السعودي ضحلة (١٦٤٩٢ منتجًا إجماليًا، وعمق كل علامة عشرات مقابل مئات فعلية) — تُستخدم للتقاطع بالباركود لا كمصدر أول. المصدر المفضّل: كتالوج المصنّع أو كتالوج التجزئة السعودي.
QUNC-00037,ساديا نجت دجاج,Sadia chicken nuggets,ساديا,Sadia,Sadia,PACKAGED,مجمدات,دواجن,chicken nuggets,,KSA,VERY_HIGH,P1,UNCERTAIN_MATCH,chicken-nuggets · ناجتس دجاج,OFFICIAL_MANUFACTURER,Sadia official product page,,,,,,,,,,NONE,LOW,ساديا,Sadia,تغطية OpenFoodFacts للسوق السعودي ضحلة (١٦٤٩٢ منتجًا إجماليًا، وعمق كل علامة عشرات مقابل مئات فعلية) — تُستخدم للتقاطع بالباركود لا كمصدر أول. المصدر المفضّل: كتالوج المصنّع أو كتالوج التجزئة السعودي.
QUNC-00038,ساديا برجر دجاج,Sadia chicken burger,ساديا,Sadia,Sadia,PACKAGED,مجمدات,دواجن,chicken burger,,KSA,VERY_HIGH,P1,UNCERTAIN_MATCH,chicken-burger · برجر دجاج,OFFICIAL_MANUFACTURER,Sadia official product page,,,,,,,,,,NONE,LOW,ساديا,Sadia,تغطية OpenFoodFacts للسوق السعودي ضحلة (١٦٤٩٢ منتجًا إجماليًا، وعمق كل علامة عشرات مقابل مئات فعلية) — تُستخدم للتقاطع بالباركود لا كمصدر أول. المصدر المفضّل: كتالوج المصنّع أو كتالوج التجزئة السعودي.
QUNC-00039,سيارا برجر دجاج,Seara chicken burger,سيارا,Seara,Seara,PACKAGED,مجمدات,دواجن,chicken burger,,KSA,HIGH,P1,UNCERTAIN_MATCH,chicken-burger · برجر دجاج,OFFICIAL_MANUFACTURER,Seara official product page,,,,,,,,,,NONE,LOW,سيارا,Seara,تغطية OpenFoodFacts للسوق السعودي ضحلة (١٦٤٩٢ منتجًا إجماليًا، وعمق كل علامة عشرات مقابل مئات فعلية) — تُستخدم للتقاطع بالباركود لا كمصدر أول. المصدر المفضّل: كتالوج المصنّع أو كتالوج التجزئة السعودي.
QUNC-00040,نور زيت زيتون,Noor olive oil,نور,Noor,Noor,PACKAGED,دهون,زيوت,olive oil,,KSA,HIGH,P2,UNCERTAIN_MATCH,olive-oil · زيت زيتون,OFFICIAL_LOCAL,Saudi retailer catalogue (Panda/Othaim/Tamimi/Nana) + barcode,,,,,,,,,,NONE,LOW,نور,Noor,تغطية OpenFoodFacts للسوق السعودي ضحلة (١٦٤٩٢ منتجًا إجماليًا، وعمق كل علامة عشرات مقابل مئات فعلية) — تُستخدم للتقاطع بالباركود لا كمصدر أول. المصدر المفضّل: كتالوج المصنّع أو كتالوج التجزئة السعودي.
QUNC-00041,كويست زبدة فول سوداني,Quest Peanut Butter,كويست,Quest,Quest,PACKAGED,لياقة وبروتين,ألواح بروتين,Peanut Butter,,KSA,MEDIUM,P2,UNCERTAIN_MATCH,peanut-butter · زبدة فول سوداني,OFFICIAL_MANUFACTURER,Quest Nutrition official,,,,,,,,,,NONE,LOW,كويست,Quest,
QUNC-00042,المراعي مشروب بروتين جاهز,Almarai ready-to-drink protein shake,المراعي,Almarai,Almarai,PACKAGED,لياقة وبروتين,منتجات عالية البروتين,ready-to-drink protein shake,,KSA,VERY_HIGH,P0,UNCERTAIN_MATCH,protein-shake-rtd · مشروب بروتين جاهز,OFFICIAL_MANUFACTURER,Almarai official product page,,,,,,,,,,NONE,LOW,المراعي,Almarai,
